Year,County,Hospital,OSHPDID,# of Cases,# of Deaths,Observed Rate,Expected Rate,Risk Adjusted Mortality Rate,Hospital Ratings,Location,
2012-2013,Alameda,Alameda Hospital,106010735,49,1,2.04,5.24,2.1,As Expected,"(37.762953, -122.25362)",
2012-2013,Alameda,Alta Bates Summit Medical Center – Alta Bates Campus,106010739,141,7,4.96,5.05,5.3,As Expected,"(37.85633, -122.25784)",
2012-2013,Alameda,Kaiser Foundation Hospital – Oakland Campus,106010856,213,8,3.76,5.14,3.94,As Expected,"(37.82425, -122.25792)",
2012-2013,Alameda,Kaiser Foundation Hospital – Hayward,106010858,226,14,6.19,5.62,5.94,As Expected,"(37.62593, -122.09338)",
2012-2013,Alameda,Alta Bates Summit Medical Center – Summit Campus – Hawthorne,106010937,163,8,4.91,5.61,4.71,As Expected,"(37.82106, -122.26257)",
2012-2013,Alameda,Saint Rose Hospital,106010967,63,2,3.17,4.63,3.7,As Expected,"(37.63291, -122.08962)",
2012-2013,Alameda,Washington Hospital – Fremont,106010987,132,2,1.52,6.38,1.28,Better,"(37.55847, -121.98006)",
2012-2013,Alameda,Valleycare Medical Center,106014050,106,2,1.89,5.41,1.88,As Expected,"(37.69206, -121.88095)",
2012-2013,Alameda,Eden Medical Center,106014233,162,9,5.56,6,4.98,As Expected,"(37.6983769, -122.0874055)",
2012-2013,Amador,Sutter Amador Hospital,106034002,81,5,6.17,5.68,5.85,As Expected,"(38.34743, -120.77272)",
2012-2013,Butte,Feather River Hospital,106040875,121,11,9.09,6.4,7.65,As Expected,"(39.75641, -121.57218)",
2012-2013,Butte,Oroville Hospital,106040937,95,3,3.16,5.07,3.35,As Expected,"(39.50485, -121.5428)",
2012-2013,Butte,Enloe Medical Center – Esplanade Campus,106040962,260,19,7.31,5.35,7.36,As Expected,"(39.74224, -121.84922)",
2012-2013,Calaveras,Mark Twain Medical Center,106050932,42,1,2.38,4.7,2.73,As Expected,"(38.19021, -120.67105)",
2012-2013,Contra Costa,Doctors Medical Center – San Pablo,106070904,87,8,9.2,5.66,8.75,As Expected,"(37.95279, -122.33866)",
2012-2013,Contra Costa,Sutter Delta Medical Center,106070934,87,4,4.6,6.75,3.67,As Expected,"(37.98222, -121.8054)",
2012-2013,Contra Costa,John Muir Medical Center – Walnut Creek Campus,106070988,296,16,5.41,6.45,4.51,As Expected,"(37.91434, -122.04183)",
2012-2013,Contra Costa,Kaiser Foundation Hospital – Walnut Creek,106070990,318,19,5.97,5.59,5.76,As Expected,"(37.8923, -122.05828)",
2012-2013,Contra Costa,John Muir Medical Center – Concord Campus,106071018,125,11,8.8,5.49,8.64,As Expected,"(37.98615, -122.03874)",
2012-2013,Contra Costa,San Ramon Regional Medical Center,106074017,65,1,1.54,4.72,1.76,As Expected,"(37.77713, -121.96076)",
2012-2013,Contra Costa,Kaiser Foundation Hospital – Antioch,106074097,120,4,3.33,4.88,3.68,As Expected,"(37.951975, -121.776854)",
2012-2013,El Dorado,Marshall Medical Center,106090933,35,1,2.86,3.31,4.66,As Expected,"(38.72557326, -120.7909638)",
2012-2013,Fresno,Clovis Community Medical Center,106100005,184,12,6.52,5.44,6.46,As Expected,"(36.83745, -119.66072)",
2012-2013,Fresno,Community Regional Medical Center – Fresno,106100717,198,18,9.09,4.95,9.89,Worse,"(36.74253, -119.78324)",
2012-2013,Fresno,Saint Agnes Medical Center,106100899,450,27,6,5.51,5.86,As Expected,"(36.8370782, -119.7649963)",
2012-2013,Fresno,Kaiser Foundation Hospital – Fresno,106104062,207,16,7.73,4.8,8.68,As Expected,"(36.84246, -119.7832)",
2012-2013,Humboldt,Saint Joseph Hospital – Eureka,106121080,166,12,7.23,5.95,6.54,As Expected,"(40.7832, -124.14216)",
2012-2013,Imperial,El Centro Regional Medical Center,106130699,101,2,1.98,4.59,2.32,As Expected,"(32.78138, -115.49824)",
2012-2013,Imperial,Pioneers Memorial Healthcare District,106130760,57,2,3.51,5.69,3.32,As Expected,"(32.96003, -115.55183)",
2012-2013,Kern,Bakersfield Memorial Hospital,106150722,183,10,5.46,4.89,6.02,As Expected,"(35.39051, -119.00658)",
2012-2013,Kern,Mercy Hospital – Bakersfield,106150761,232,13,5.6,4.76,6.34,As Expected,"(35.37323, -119.02715)",
2012-2013,Kern,San Joaquin Community Hospital,106150788,233,22,9.44,5.09,10,Worse,"(35.383064, -119.018775)",
2012-2013,Kings,Adventist Medical Center,106164029,151,12,7.95,5.65,7.57,As Expected,"(36.3256247, -119.6683912)",
2012-2013,Lake,Sutter Lakeside Hospital,106171395,49,4,8.16,5.49,8.01,As Expected,"(39.10232, -122.91003)",
2012-2013,Los Angeles,Alhambra Hospital,106190017,47,2,4.26,5.95,3.86,As Expected,"(34.08988, -118.1449)",
2012-2013,Los Angeles,Antelope Valley Hospital,106190034,251,11,4.38,4.69,5.03,As Expected,"(34.68928, -118.15767)",
2012-2013,Los Angeles,Saint Mary Medical Center,106190053,65,0,0,4.58,0,As Expected,"(33.7802376, -118.1866412)",
2012-2013,Los Angeles,Beverly Hospital,106190081,113,5,4.42,5.16,4.62,As Expected,"(34.01614, -118.10132)",
2012-2013,Los Angeles,Southern California Hospital At Culver City,106190110,52,1,1.92,4.59,2.26,As Expected,"(34.02328, -118.39724)",
2012-2013,Los Angeles,California Hospital Medical Center – Los Angeles,106190125,43,1,2.33,5.47,2.29,As Expected,"(34.03721, -118.26551)",
2012-2013,Los Angeles,Centinela Hospital Medical Center,106190148,83,0,0,5.7,0,Better,"(33.94917, -118.34788)",
2012-2013,Los Angeles,San Gabriel Valley Medical Center,106190200,117,5,4.27,5.46,4.21,As Expected,"(34.1024, -118.10503)",
2012-2013,Los Angeles,Lakewood Regional Medical Center,106190240,156,15,9.62,5.62,9.22,As Expected,"(33.86016, -118.14837)",
2012-2013,Los Angeles,Downey Regional Medical Center,106190243,179,8,4.47,4.91,4.91,As Expected,"(33.93515, -118.13196)",
2012-2013,Los Angeles,Encino Hospital Medical Center,106190280,33,1,3.03,7.45,2.19,As Expected,"(34.15686, -118.48662)",
2012-2013,Los Angeles,Foothill Presbyterian Hospital – Johnston Memorial,106190298,98,4,4.08,4.6,4.78,As Expected,"(34.13384, -117.87244)",
2012-2013,Los Angeles,Garfield Medical Center,106190315,105,5,4.76,5.64,4.55,As Expected,"(34.06826, -118.12302)",
2012-2013,Los Angeles,Glendale Adventist Medical Center – Wilson Terrace,106190323,208,4,1.92,5.34,1.94,As Expected,"(34.14951, -118.23109)",
2012-2013,Los Angeles,Hollywood Presbyterian Medical Center,106190382,111,3,2.7,5.94,2.45,As Expected,"(34.09557, -118.29163)",
2012-2013,Los Angeles,Providence Holy Cross Medical Center,106190385,231,18,7.79,5.77,7.27,As Expected,"(34.2791, -118.45951)",
2012-2013,Los Angeles,Good Samaritan Hospital – Los Angeles,106190392,113,4,3.54,4.95,3.85,As Expected,"(34.05324, -118.26522)",
2012-2013,Los Angeles,Huntington Memorial Hospital,106190400,302,13,4.3,5.69,4.07,As Expected,"(34.13565, -118.1518)",
2012-2013,Los Angeles,Citrus Valley Medical Center – Inter Community Campus,106190413,118,5,4.24,5.04,4.53,As Expected,"(34.08993, -117.89264)",
2012-2013,Los Angeles,Torrance Memorial Medical Center,106190422,368,22,5.98,5.43,5.93,As Expected,"(33.81258, -118.34388)",
2012-2013,Los Angeles,Kaiser Foundation Hospital – Sunset,106190429,95,4,4.21,5.32,4.27,As Expected,"(34.09823, -118.29545)",
2012-2013,Los Angeles,Kaiser Foundation Hospital – South Bay,106190431,74,5,6.76,5.34,6.82,As Expected,"(33.789, -118.29415)",
2012-2013,Los Angeles,Kaiser Foundation Hospital – Panorama City,106190432,223,15,6.73,4.94,7.34,As Expected,"(34.21975, -118.43009)",
2012-2013,Los Angeles,Kaiser Foundation Hospital – West Los Angeles,106190434,81,5,6.17,5,6.65,As Expected,"(34.03793, -118.37568)",
2012-2013,Los Angeles,Providence Little Company of Mary Medical Center – Torrance,106190470,270,15,5.56,5.42,5.52,As Expected,"(33.83767, -118.35708)",
2012-2013,Los Angeles,Community Hospital of Long Beach,106190475,52,4,7.69,4.82,8.6,As Expected,"(33.78871, -118.14578)",
2012-2013,Los Angeles,Marina Del Rey Hospital,106190500,76,4,5.26,4.67,6.07,As Expected,"(33.98125, -118.43971)",
2012-2013,Los Angeles,Providence Tarzana Medical Center,106190517,194,7,3.61,6.97,2.79,As Expected,"(34.16985, -118.53136)",
2012-2013,Los Angeles,Glendale Memorial Hospital and Medical Center,106190522,149,10,6.71,6.07,5.95,As Expected,"(34.1284, -118.25769)",
2012-2013,Los Angeles,Mission Community Hospital – Panorama Campus,106190524,44,2,4.55,6.23,3.93,As Expected,"(34.22138, -118.45639)",
2012-2013,Los Angeles,Long Beach Memorial Medical Center,106190525,227,7,3.08,4.95,3.36,As Expected,"(33.80801, -118.1852)",
2012-2013,Los Angeles,Methodist Hospital of Southern California,106190529,299,14,4.68,5.67,4.45,As Expected,"(34.13603, -118.03879)",
2012-2013,Los Angeles,Olympia Medical Center,106190534,56,1,1.79,5.46,1.76,As Expected,"(34.05754, -118.36008)",
2012-2013,Los Angeles,Monterey Park Hospital,106190547,36,1,2.78,6.36,2.35,As Expected,"(34.05308, -118.13665)",
2012-2013,Los Angeles,Cedars Sinai Medical Center,106190555,401,14,3.49,5.44,3.46,As Expected,"(34.07681, -118.38061)",
2012-2013,Los Angeles,Northridge Hospital Medical Center,106190568,188,7,3.72,5.63,3.56,As Expected,"(34.22075, -118.53186)",
2012-2013,Los Angeles,Pomona Valley Hospital Medical Center,106190630,205,6,2.93,5.03,3.14,As Expected,"(34.07852, -117.75234)",
2012-2013,Los Angeles,Presbyterian Intercommunity Hospital,106190631,301,13,4.32,5.62,4.14,As Expected,"(33.96775, -118.04671)",
2012-2013,Los Angeles,Citrus Valley Medical Center – Queen of the Valley Campus,106190636,112,6,5.36,4.19,6.89,As Expected,"(34.06242, -117.94528)",
2012-2013,Los Angeles,San Dimas Community Hospital,106190673,66,5,7.58,6.75,6.04,As Expected,"(34.09922, -117.83218)",
2012-2013,Los Angeles,Providence Little Company of Mary Medical Center – San Pedro,106190680,74,0,0,4.38,0,As Expected,"(33.73798, -118.30557)",
2012-2013,Los Angeles,Santa Monica – UCLA Medical Center and Orthopedic Hospital,106190687,237,10,4.22,5.96,3.81,As Expected,"(34.02755, -118.48623)",
2012-2013,Los Angeles,Sherman Oaks Hospital,106190708,51,1,1.96,5.33,1.98,As Expected,"(34.15995, -118.4488)",
2012-2013,Los Angeles,Saint Francis Medical Center,106190754,74,4,5.41,5.15,5.65,As Expected,"(33.93085, -118.20415)",
2012-2013,Los Angeles,Saint John’s Health Center,106190756,212,8,3.77,5.37,3.79,As Expected,"(34.0298085, -118.478687)",
2012-2013,Los Angeles,Providence Saint Joseph Medical Center,106190758,315,17,5.4,5.49,5.3,As Expected,"(34.1559, -118.32711)",
2012-2013,Los Angeles,Saint Vincent Medical Center,106190762,81,2,2.47,6.26,2.13,As Expected,"(34.06311, -118.27302)",
2012-2013,Los Angeles,Ronald Reagan UCLA Medical Center,106190796,58,6,10.34,5.23,10.65,As Expected,"(34.068889, -118.445)",
2012-2013,Los Angeles,Valley Presbyterian Hospital,106190812,93,6,6.45,5.33,6.52,As Expected,"(34.19399, -118.46196)",
2012-2013,Los Angeles,University of Southern California Verdugo Hills Hospital,106190818,124,9,7.26,5.43,7.2,As Expected,"(34.20557, -118.2152)",
2012-2013,Los Angeles,West Hills Hospital and Medical Center,106190859,177,18,10.17,6.05,9.05,As Expected,"(34.20365, -118.6294)",
2012-2013,Los Angeles,White Memorial Medical Center,106190878,101,4,3.96,6.29,3.39,As Expected,"(34.051, -118.21739)",
2012-2013,Los Angeles,Whittier Hospital Medical Center,106190883,59,2,3.39,5.44,3.36,As Expected,"(33.95379, -118.00303)",
2012-2013,Los Angeles,Henry Mayo Newhall Memorial Hospital,106190949,135,9,6.67,5.42,6.63,As Expected,"(34.39637, -118.55324)",
2012-2013,Los Angeles,Los Angeles County/Harbor – UCLA Medical Center,106191227,31,1,3.23,3.81,4.56,As Expected,"(33.83149, -118.29332)",
2012-2013,Los Angeles,Los Angeles County/University of Southern California Medical Center,106191228,52,1,1.92,2.49,4.17,As Expected,"(34.05982, -118.21031)",
2012-2013,Los Angeles,Kaiser Foundation Hospital – Woodland Hills,106191450,274,9,3.28,4.89,3.62,As Expected,"(34.17198, -118.58829)",
2012-2013,Los Angeles,Kaiser Foundation Hospital – Baldwin Park,106196035,185,8,4.32,5.04,4.62,As Expected,"(34.06348, -117.986)",
2012-2013,Los Angeles,Kaiser Foundation Hospital – Downey,106196403,172,4,2.33,4.55,2.76,As Expected,"(33.9171234, -118.1290216)",
2012-2013,Los Angeles,Palmdale Regional Medical Center,106196405,106,5,4.72,4.9,5.19,As Expected,"(34.5843754, -118.1443461)",
2012-2013,Marin,Kaiser Foundation Hospital – San Rafael,106210992,175,12,6.86,6.08,6.08,As Expected,"(38.0041, -122.55376)",
2012-2013,Marin,Marin General Hospital,106211006,157,11,7.01,4.91,7.69,As Expected,"(37.94651, -122.53715)",
2012-2013,Marin,Novato Community Hospital,106214034,55,6,10.91,6.75,8.7,As Expected,"(38.09749, -122.55887)",
2012-2013,Mendocino,Frank R. Howard Memorial Hospital,106230949,76,3,3.95,4.25,5.01,As Expected,"(39.40079, -123.34973)",
2012-2013,Mendocino,Ukiah Valley Medical Center,106231396,57,3,5.26,5.97,4.75,As Expected,"(39.1528, -123.20363)",
2012-2013,Merced,Mercy Medical Center – Merced,106240942,162,10,6.17,5.39,6.16,As Expected,"(37.3402309, -120.4651815)",
2012-2013,Monterey,Community Hospital of The Monterey Peninsula,106270744,214,13,6.07,5.13,6.38,As Expected,"(36.59827, -121.92488)",
2012-2013,Monterey,Salinas Valley Memorial Hospital,106270875,134,8,5.97,6.25,5.15,As Expected,"(36.66022, -121.6481)",
2012-2013,Napa,Queen of the Valley Hospital – Napa,106281047,124,13,10.48,6.83,8.27,As Expected,"(38.32363, -122.296)",
2012-2013,Napa,Saint Helena Hospital,106281078,38,5,13.16,5.82,12.18,As Expected,"(38.53937349, -122.473003)",
2012-2013,Nevada,Sierra Nevada Memorial Hospital,106291023,164,7,4.27,6.44,3.57,As Expected,"(39.22932, -121.04748)",
2012-2013,Nevada,Tahoe Forest Hospital,106291053,30,1,3.33,2.65,6.78,As Expected,"(39.3245579, -120.2014553)",
2012-2013,Orange,Orange Coast Memorial Medical Center,106300225,194,8,4.12,5.59,3.97,As Expected,"(33.70162, -117.95524)",
2012-2013,Orange,AHMC Anaheim Regional Medical Center,106301098,152,12,7.89,5.21,8.17,As Expected,"(33.84725, -117.93248)",
2012-2013,Riverside,Riverside Community Hospital,106331312,260,15,5.77,5.1,6.1,As Expected,"(33.97641, -117.37997)",
2012-2013,Orange,Kaiser Foundation Hospital – Orange County – Lakeview,106301132,186,8,4.3,4.87,4.75,As Expected,"(33.85295, -117.81603)",
2012-2013,Riverside,Kaiser Foundation Hospital – Riverside,106334025,136,6,4.41,4.94,4.81,As Expected,"(33.9063, -117.47082)",
2012-2013,Orange,Fountain Valley Regional Hospital and Medical Center – Euclid,106301175,161,3,1.86,5.1,1.97,As Expected,"(33.71546, -117.93694)",
2012-2013,Orange,Hoag Memorial Hospital Presbyterian,106301205,227,22,9.69,6.5,8.04,As Expected,"(33.62526, -117.92949)",
2012-2013,Orange,La Palma Intercommunity Hospital,106301234,49,0,0,6.25,0,As Expected,"(33.8485, -118.03737)",
2012-2013,Orange,Los Alamitos Medical Center,106301248,281,15,5.34,5.54,5.19,As Expected,"(33.80327, -118.0674)",
2012-2013,Orange,Mission Hospital Regional Medical Center,106301262,252,8,3.17,5.49,3.12,As Expected,"(33.56279, -117.66768)",
2012-2013,Orange,UC Irvine Medical Center,106301279,57,1,1.75,5.66,1.67,As Expected,"(33.7889, -117.89064)",
2012-2013,Orange,Garden Grove Hospital and Medical Center,106301283,49,1,2.04,6.4,1.72,As Expected,"(33.7745089, -117.9130315)",
2012-2013,Orange,Placentia Linda Hospital,106301297,107,6,5.61,5.49,5.51,As Expected,"(33.88704521, -117.8431129)",
2012-2013,Orange,Saddleback Memorial Medical Center,106301317,442,24,5.43,5.77,5.07,As Expected,"(33.60796, -117.70837)",
2012-2013,Orange,Mission Hospital Laguna Beach,106301337,66,2,3.03,6.12,2.67,As Expected,"(33.4997391, -117.7422502)",
2012-2013,Orange,Saint Joseph Hospital – Orange,106301340,318,20,6.29,5.48,6.18,As Expected,"(33.7823, -117.86516)",
2012-2013,Orange,Saint Jude Medical Center,106301342,345,17,4.93,4.85,5.47,As Expected,"(33.89349, -117.92851)",
2012-2013,Orange,West Anaheim Medical Center,106301379,61,6,9.84,6.19,8.55,As Expected,"(33.82482, -117.99492)",
2012-2013,Orange,Western Medical Center – Santa Ana,106301566,48,6,12.5,6.14,10.97,As Expected,"(33.75361, -117.83398)",
2012-2013,Orange,Kaiser Foundation Hospital – Orange County – Anaheim,106304409,161,11,6.83,5.22,7.05,As Expected,"(33.8544317, -117.8439815)",
2012-2013,Orange,Hoag Orthopedic Institute,106304460,335,8,2.39,3.74,3.44,As Expected,"(33.6617789, -117.7735916)",
2012-2013,Placer,Sutter Auburn Faith Hospital,106310791,128,16,12.5,6.79,9.92,As Expected,"(38.94452, -121.0982)",
2012-2013,Placer,Sutter Roseville Medical Center,106311000,322,29,9.01,5.75,8.44,As Expected,"(38.76439, -121.25055)",
2012-2013,Placer,Kaiser Foundation Hospital – Roseville,106314024,373,25,6.7,5.38,6.71,As Expected,"(38.74636, -121.25107)",
2012-2013,Riverside,Corona Regional Medical Center – Main,106331152,116,7,6.03,5.75,5.65,As Expected,"(33.8733354, -117.5668015)",
2012-2013,Riverside,Desert Regional Medical Center,106331164,293,23,7.85,4.48,9.45,Worse,"(33.83932, -116.54549)",
2012-2013,Riverside,Eisenhower Medical Center,106331168,445,14,3.15,5.06,3.35,As Expected,"(33.76418, -116.40808)",
2012-2013,Riverside,Hemet Valley Medical Center,106331194,302,32,10.6,6.29,9.08,Worse,"(33.75113, -116.95958)",
2012-2013,Riverside,John F. Kennedy Memorial Hospital,106331216,110,5,4.55,4.83,5.07,As Expected,"(33.70677, -116.23391)",
2012-2013,Riverside,Parkview Community Hospital Medical Center,106331293,83,3,3.61,5.11,3.81,As Expected,"(33.92573, -117.43996)",
2012-2013,Riverside,San Gorgonio Memorial Hospital,106331326,36,2,5.56,5.67,5.28,As Expected,"(33.9295, -116.94678)",
2012-2013,Riverside,Menifee Valley Medical Center,106334018,108,9,8.33,5.99,7.49,As Expected,"(33.72146, -117.15691)",
2012-2013,Riverside,Kaiser Foundation Hospital – Moreno Valley,106334048,41,3,7.32,5.56,7.09,As Expected,"(33.89519, -117.18094)",
2012-2013,Riverside,Southwest Healthcare System – Murrieta,106334068,269,18,6.69,4.56,7.91,As Expected,"(33.55788, -117.18488)",
2012-2013,Riverside,Riverside County Regional Medical Center,106334487,67,4,5.97,5.14,6.26,As Expected,"(33.91187, -117.19525)",
2012-2013,Riverside,Loma Linda University Medical Center – Murrieta,106334589,81,2,2.47,4.74,2.8,As Expected,"(33.6122263, -117.1624483)",
2012-2013,Sacramento,Kaiser Foundation Hospital – Sacramento,106340913,243,11,4.53,5.49,4.44,As Expected,"(38.60197, -121.39232)",
2012-2013,Sacramento,Mercy General Hospital,106340947,160,11,6.88,5.49,6.75,As Expected,"(38.56955, -121.45271)",
2012-2013,Sacramento,Mercy San Juan Hospital,106340950,296,14,4.73,5.3,4.81,As Expected,"(38.66818, -121.31261)",
2012-2013,Sacramento,Methodist Hospital of Sacramento,106340951,122,11,9.02,5.94,8.18,As Expected,"(38.46416, -121.41744)",
2012-2013,Sacramento,UC Davis Medical Center,106341006,111,1,0.9,5.64,0.86,As Expected,"(38.55438, -121.45738)",
2012-2013,Sacramento,Sutter General Hospital,106341051,285,10,3.51,5.18,3.65,As Expected,"(38.57176, -121.47008)",
2012-2013,Sacramento,Kaiser Foundation Hospital – South Sacramento,106342344,198,18,9.09,6.11,8.02,As Expected,"(38.47144, -121.42409)",
2012-2013,Sacramento,Mercy Hospital – Folsom,106344029,100,3,3,5.31,3.04,As Expected,"(38.67223, -121.1428)",
2012-2013,San Bernardino,Chino Valley Medical Center,106361144,43,1,2.33,6.22,2.01,As Expected,"(34.02626, -117.687)",
2012-2013,San Bernardino,Kaiser Foundation Hospital – Fontana,106361223,329,13,3.95,4.46,4.78,As Expected,"(34.0725, -117.43549)",
2012-2013,San Bernardino,Loma Linda University Medical Center,106361246,140,5,3.57,5.49,3.5,As Expected,"(34.05164, -117.26146)",
2012-2013,San Bernardino,Redlands Community Hospital,106361308,269,17,6.32,5.83,5.84,As Expected,"(34.03699, -117.2044)",
2012-2013,San Bernardino,San Antonio Community Hospital,106361318,225,7,3.11,5.04,3.33,As Expected,"(34.10056, -117.63828)",
2012-2013,San Bernardino,Saint Bernardine Medical Center,106361339,158,6,3.8,4.57,4.48,As Expected,"(34.1341, -117.27865)",
2012-2013,San Bernardino,Saint Mary Regional Medical Center,106361343,186,12,6.45,5.16,6.73,As Expected,"(34.54053, -117.26535)",
2012-2013,San Bernardino,Victor Valley Global Medical Center,106361370,58,3,5.17,4.03,6.92,As Expected,"(34.5281768, -117.2925622)",
2012-2013,San Bernardino,Hi-Desert Medical Center,106362041,51,2,3.92,5.71,3.7,As Expected,"(34.13323, -116.27654)",
2012-2013,San Bernardino,Desert Valley Hospital,106364144,74,5,6.76,7.16,5.09,As Expected,"(34.47093, -117.29778)",
2012-2013,San Bernardino,Arrowhead Regional Medical Center,106364231,58,3,5.17,4.32,6.45,As Expected,"(34.07163215, -117.3527761)",
2012-2013,San Diego,Alvarado Hospital,106370652,73,1,1.37,5.91,1.25,As Expected,"(32.77708, -117.05683)",
2012-2013,San Diego,Sharp Coronado Hospital and Healthcare Center,106370689,42,3,7.14,9.1,4.23,As Expected,"(32.69427, -117.16808)",
2012-2013,San Diego,Sharp Memorial Hospital,106370694,424,18,4.25,4.7,4.86,As Expected,"(32.80016, -117.15531)",
2012-2013,San Diego,Fallbrook Hospital District,106370705,55,2,3.64,4.44,4.41,As Expected,"(33.38026, -117.24509)",
2012-2013,San Diego,Grossmont Hospital,106370714,338,15,4.44,5.4,4.42,As Expected,"(32.77963, -117.00924)",
2012-2013,San Diego,Kaiser Foundation Hospital – San Diego,106370730,523,28,5.35,4.9,5.88,As Expected,"(32.79287, -117.09447)",
2012-2013,San Diego,Scripps Mercy Hospital,106370744,300,14,4.67,5.32,4.72,As Expected,"(32.75128, -117.1609)",
2012-2013,San Diego,Palomar Health Downtown Campus,106370755,274,19,6.93,5.18,7.21,As Expected,"(33.12622, -117.07585)",
2012-2013,San Diego,Paradise Valley Hospital,106370759,37,0,0,6.25,0,As Expected,"(32.6863293, -117.0830382)",
2012-2013,San Diego,Scripps Memorial Hospital – La Jolla,106370771,228,9,3.95,4.96,4.29,As Expected,"(32.88506, -117.22279)",
2012-2013,San Diego,Tri-City Medical Center – Oceanside,106370780,334,17,5.09,5.27,5.2,As Expected,"(33.18394, -117.29027)",
2012-2013,San Diego,UC San Diego Medical Center,106370782,140,3,2.14,5.75,2.01,As Expected,"(32.75387, -117.16498)",
2012-2013,San Diego,Sharp Chula Vista Medical Center,106370875,168,11,6.55,6.41,5.5,As Expected,"(32.61909, -117.02488)",
2012-2013,San Diego,Pomerado Hospital,106370977,148,12,8.11,5.52,7.91,As Expected,"(32.99563, -117.05784)",
2012-2013,San Diego,Scripps Green Hospital,106371256,134,3,2.24,5.66,2.13,As Expected,"(32.89654, -117.2419)",
2012-2013,San Diego,Scripps Memorial Hospital – Encinitas,106371394,218,9,4.13,5.11,4.35,As Expected,"(33.0363, -117.28495)",
2012-2013,San Francisco,Kaiser Foundation Hospital – San Francisco,106380857,113,4,3.54,5.54,3.44,As Expected,"(37.78274, -122.44289)",
2012-2013,San Francisco,California Pacific Medical Center – Pacific Campus,106380929,211,4,1.9,5.8,1.76,Better,"(37.79149, -122.43102)",
2012-2013,San Francisco,San Francisco General Hospital,106380939,82,3,3.66,5.36,3.68,As Expected,"(37.75657, -122.40637)",
2012-2013,San Francisco,Saint Francis Memorial Hospital,106380960,70,3,4.29,4.81,4.8,As Expected,"(37.78917, -122.41695)",
2012-2013,San Francisco,California Pacific Medical Center – St. Luke’s Campus,106380964,37,3,8.11,5.72,7.64,As Expected,"(37.74799, -122.42052)",
2012-2013,San Francisco,"Saint Mary’s Medical Center, San Francisco",106380965,92,2,2.17,5.54,2.11,As Expected,"(37.77408, -122.45441)",
2012-2013,San Francisco,UC San Francisco Medical Center,106381154,88,7,7.95,5.11,8.38,As Expected,"(37.7635148, -122.4576564)",
2012-2013,San Francisco,Chinese Hospital,106382715,45,3,6.67,5.24,6.85,As Expected,"(37.79565, -122.40926)",
2012-2013,San Joaquin,Dameron Hospital,106390846,79,5,6.33,5.2,6.56,As Expected,"(37.9613, -121.30061)",
2012-2013,San Joaquin,Lodi Memorial Hospital,106390923,148,12,8.11,5.53,7.9,As Expected,"(38.12146, -121.2859)",
2012-2013,San Joaquin,San Joaquin General Hospital,106391010,38,2,5.26,4.05,7,As Expected,"(37.88594, -121.28918)",
2012-2013,San Joaquin,Saint Joseph’s Medical Center of Stockton,106391042,234,11,4.7,5.98,4.24,As Expected,"(37.97075, -121.2891)",
2012-2013,San Joaquin,Sutter Tracy Community Hospital,106391056,45,3,6.67,5.85,6.14,As Expected,"(37.74366, -121.43482)",
2012-2013,San Joaquin,Doctors Hospital of Manteca,106392287,67,3,4.48,5.08,4.75,As Expected,"(37.80118, -121.19818)",
2012-2013,San Joaquin,Kaiser Foundation Hospital – Manteca,106394009,204,14,6.86,5.07,7.29,As Expected,"(37.79751, -121.24612)",
2012-2013,San Luis Obispo,Marian Regional Medical Center – Arroyo Grande,106400466,94,11,11.7,4.74,13.3,Worse,"(35.11369, -120.59147)",
2012-2013,San Luis Obispo,French Hospital Medical Center,106400480,109,5,4.59,6,4.12,As Expected,"(35.27801, -120.64977)",
2012-2013,San Luis Obispo,Sierra Vista Regional Medical Center,106400524,75,7,9.33,5.82,8.64,As Expected,"(35.29105, -120.66576)",
2012-2013,San Luis Obispo,Twin Cities Community Hospital,106400548,131,10,7.63,5.31,7.75,As Expected,"(35.5543, -120.71967)",
2012-2013,San Mateo,Kaiser Foundation Hospital – Redwood City,106410804,114,6,5.26,5.64,5.03,As Expected,"(37.48948, -122.2232)",
2012-2013,San Mateo,Kaiser Foundation Hospital – South San Francisco,106410806,160,6,3.75,5.46,3.7,As Expected,"(37.65806, -122.43837)",
2012-2013,San Mateo,Seton Medical Center,106410817,113,5,4.42,4.9,4.87,As Expected,"(37.68172, -122.47283)",
2012-2013,San Mateo,Peninsula Medical Center,106410852,243,16,6.58,5.62,6.32,As Expected,"(37.5944692, -122.3832465)",
2012-2013,San Mateo,Sequoia Hospital,106410891,126,5,3.97,6.13,3.49,As Expected,"(37.48129, -122.25377)",
2012-2013,Santa Barbara,Goleta Valley Cottage Hospital,106420483,94,3,3.19,4.84,3.55,As Expected,"(34.43336, -119.80929)",
2012-2013,Santa Barbara,Lompoc Valley Medical Center,106420491,55,2,3.64,4.64,4.22,As Expected,"(34.639252, -120.4396497)",
2012-2013,Santa Barbara,Marian Regional Medical Center,106420493,157,9,5.73,5.51,5.6,As Expected,"(34.95198, -120.41338)",
2012-2013,Santa Barbara,Santa Barbara Cottage Hospital,106420514,239,22,9.21,5.68,8.73,As Expected,"(34.42943, -119.72318)",
2012-2013,Santa Clara,Regional Medical of San Jose,106430705,133,6,4.51,5.22,4.66,As Expected,"(37.36332, -121.84837)",
2012-2013,Santa Clara,El Camino Hospital,106430763,319,12,3.76,5.81,3.49,As Expected,"(37.36779, -122.07801)",
2012-2013,Santa Clara,Good Samaritan Hospital – San Jose,106430779,235,10,4.26,4.84,4.74,As Expected,"(37.25116, -121.9449)",
2012-2013,Santa Clara,O’Connor Hospital – San Jose,106430837,191,10,5.24,5.22,5.4,As Expected,"(37.32714, -121.93727)",
2012-2013,Santa Clara,Santa Clara Valley Medical Center,106430883,58,2,3.45,4.28,4.34,As Expected,"(37.31346, -121.93202)",
2012-2013,Santa Clara,Stanford Hospital,106430905,182,9,4.95,6.03,4.42,As Expected,"(37.43342, -122.17827)",
2012-2013,Santa Clara,Kaiser Foundation Hospital – San Jose,106431506,154,11,7.14,5.56,6.92,As Expected,"(37.23924, -121.80269)",
2012-2013,Santa Clara,Saint Louise Regional Hospital,106434138,54,4,7.41,5.09,7.84,As Expected,"(37.03731, -121.57411)",
2012-2013,Santa Clara,Kaiser Foundation Hospital – Santa Clara,106434153,270,11,4.07,5.62,3.91,As Expected,"(37.334597, -121.995774)",
2012-2013,Santa Cruz,Dominican Hospital – Santa Cruz/Soquel,106440755,168,9,5.36,5.19,5.56,As Expected,"(36.98806, -121.98489)",
2012-2013,Santa Cruz,Watsonville Community Hospital,106444013,64,2,3.13,6.92,2.43,As Expected,"(36.92839, -121.79173)",
2012-2013,Shasta,Shasta Regional Medical Center,106450940,110,5,4.55,5.59,4.38,As Expected,"(40.5855423, -122.3862952)",
2012-2013,Shasta,Mercy Medical Center – Redding,106450949,355,20,5.63,5.19,5.84,As Expected,"(40.57204, -122.39742)",
2012-2013,Siskiyou,Mercy Medical Center Mt. Shasta,106470871,36,4,11.11,4.62,12.96,As Expected,"(41.31896, -122.323)",
2012-2013,Siskiyou,Fairchild Medical Center,106474007,41,4,9.76,5.5,9.55,As Expected,"(41.71865, -122.64353)",
2012-2013,Solano,Kaiser Foundation Hospital – Rehabilitation Center Vallejo,106480989,149,11,7.38,6.49,6.13,As Expected,"(38.12839, -122.24761)",
2012-2013,Solano,Sutter Solano Medical Center,106481094,52,4,7.69,5.49,7.54,As Expected,"(38.13117, -122.23912)",
2012-2013,Solano,North Bay Medical Center,106481357,109,5,4.59,5.95,4.15,As Expected,"(38.26097, -122.05076)",
2012-2013,Solano,Kaiser Foundation Hospital – Vacaville,106484044,110,8,7.27,5.59,7.01,As Expected,"(38.3894968, -121.9373177)",
2012-2013,Sonoma,Sutter Medical Center of Santa Rosa,106490919,87,9,10.34,6.43,8.66,As Expected,"(38.46855, -122.70739)",
2012-2013,Sonoma,Healdsburg District Hospital,106490964,35,1,2.86,5.71,2.7,As Expected,"(38.62764, -122.86385)",
2012-2013,Sonoma,Petaluma Valley Hospital,106491001,56,5,8.93,6.26,7.69,As Expected,"(38.25323, -122.63302)",
2012-2013,Sonoma,Santa Rosa Memorial Hospital – Montgomery,106491064,239,15,6.28,5.93,5.7,As Expected,"(38.44304, -122.70114)",
2012-2013,Sonoma,Sonoma Valley Hospital,106491076,60,3,5,5.22,5.16,As Expected,"(38.28841, -122.46524)",
2012-2013,Sonoma,Kaiser Foundation Hospital – Santa Rosa,106494019,183,8,4.37,4.75,4.96,As Expected,"(38.47087, -122.73119)",
2012-2013,Stanislaus,Doctors Medical Center,106500852,194,12,6.19,5.06,6.58,As Expected,"(37.66439, -120.99631)",
2012-2013,Stanislaus,"Emanuel Medical Center, Inc.",106500867,69,5,7.25,5.59,6.98,As Expected,"(37.51052, -120.83966)",
2012-2013,Stanislaus,Memorial Hospital Medical Center – Modesto,106500939,357,18,5.04,5.52,4.92,As Expected,"(37.66727, -120.97546)",
2012-2013,Tulare,Kaweah Delta Medical Center,106540734,298,19,6.38,5.65,6.08,As Expected,"(36.32753, -119.29345)",
2012-2013,Tulare,Sierra View District Hospital,106540798,105,3,2.86,4.34,3.55,As Expected,"(36.06948, -119.02727)",
2012-2013,Tulare,Tulare Regional Medical Center,106540816,36,2,5.56,4.96,6.03,As Expected,"(36.22217, -119.33775)",
2012-2013,Tuolumne,Sonora Regional Medical Center – Greenley,106554011,88,8,9.09,4.77,10.27,As Expected,"(37.98811, -120.36965)",
2012-2013,Ventura,Community Memorial Hospital – San Buenaventura,106560473,215,13,6.05,5.27,6.18,As Expected,"(34.274589, -119.258124)",
2012-2013,Ventura,Ventura County Medical Center,106560481,71,4,5.63,4.56,6.65,As Expected,"(34.27634, -119.2517)",
2012-2013,Ventura,Los Robles Hospital and Medical Center,106560492,250,7,2.8,5.34,2.83,As Expected,"(34.20539, -118.89297)",
2012-2013,Ventura,Ojai Valley Community Hospital,106560501,37,4,10.81,6.85,8.51,As Expected,"(34.44221, -119.26311)",
2012-2013,Ventura,Saint John’s Pleasant Valley Hospital,106560508,115,7,6.09,6.59,4.97,As Expected,"(34.24177, -119.018)",
2012-2013,Ventura,Simi Valley Hospital and Healthcare Services – Sycamore,106560525,88,7,7.95,4.75,9.03,As Expected,"(34.28945, -118.74405)",
2012-2013,Ventura,Saint John’s Regional Medical Center,106560529,108,4,3.7,4.91,4.06,As Expected,"(34.21687, -119.15819)",
2012-2013,Yolo,Woodland Memorial Hospital,106571086,61,7,11.48,5.78,10.7,As Expected,"(38.66284, -121.7933)",
2012-2013,Yolo,Sutter Davis Hospital,106574010,67,6,8.96,5.55,8.7,As Expected,"(38.56154, -121.77244)",
2012-2013,Yuba,Rideout Memorial Hospital,106580996,192,13,6.77,5.38,6.78,As Expected,"(39.138222, -121.594363)",
2012-2013,STATEWIDE,,,38183,2057,5.39,,,,,
2013-2014,STATEWIDE,,,38069,1989,5.22,,,As Expected,,
2013-2014,Alameda,Alameda Hospital,106010735,47,2,4.26,5.31,4.19,As Expected,"(37.762953, -122.25362)",
2013-2014,Alameda,Alta Bates Summit Medical Center – Alta Bates Campus,106010739,146,4,2.74,4.85,2.95,As Expected,"(37.85633, -122.25784)",
2013-2014,Alameda,Kaiser Foundation Hospital – Oakland Campus,106010856,175,9,5.14,5.25,5.12,As Expected,"(37.82425, -122.25792)",
2013-2014,Alameda,Kaiser Foundation Hospital – Hayward,106010858,171,13,7.6,5.09,7.8,As Expected,"(37.62593, -122.09338)",
2013-2014,Alameda,Alta Bates Summit Medical Center – Summit Campus – Hawthorne,106010937,166,9,5.42,6.06,4.68,As Expected,"(37.82106, -122.26257)",
2013-2014,Alameda,Saint Rose Hospital,106010967,62,1,1.61,4.37,1.93,As Expected,"(37.63291, -122.08962)",
2013-2014,Alameda,Washington Hospital – Fremont,106010987,141,2,1.42,5.43,1.36,As Expected,"(37.55847, -121.98006)",
2013-2014,Alameda,Valleycare Medical Center,106014050,110,4,3.64,4.65,4.08,As Expected,"(37.69206, -121.88095)",
2013-2014,Alameda,Eden Medical Center,106014233,173,8,4.62,5.71,4.23,As Expected,"(37.6983769, -122.0874055)",
2013-2014,Alameda,Kaiser Foundation Hospital – Oakland/Richmond,106014326,48,3,6.25,5.6,5.83,As Expected,"(37.82402, -122.25791)",
2013-2014,Alameda,Kaiser Foundation Hospital – San Leandro,106014337,42,2,4.76,5.36,4.64,As Expected,"(37.70611, -122.16917)",
2013-2014,Amador,Sutter Amador Hospital,106034002,81,4,4.94,5.76,4.48,As Expected,"(38.34743, -120.77272)",
2013-2014,Butte,Feather River Hospital,106040875,116,8,6.9,5.6,6.44,As Expected,"(39.75641, -121.57218)",
2013-2014,Butte,Oroville Hospital,106040937,104,6,5.77,5.82,5.18,As Expected,"(39.50485, -121.5428)",
2013-2014,Butte,Enloe Medical Center – Esplanade,106040962,266,11,4.14,5.06,4.27,As Expected,"(39.74224, -121.84922)",
2013-2014,Calaveras,Mark Twain Medical Center,106050932,35,2,5.71,4.79,6.24,As Expected,"(38.19021, -120.67105)",
2013-2014,Contra Costa,Doctors Medical Center – San Pablo,106070904,74,4,5.41,5.39,5.24,As Expected,"(37.95279, -122.33866)",
2013-2014,Contra Costa,Sutter Delta Medical Center,106070934,97,2,2.06,4.51,2.39,As Expected,"(37.98222, -121.8054)",
2013-2014,Contra Costa,John Muir Medical Center – Walnut Creek Campus,106070988,324,24,7.41,5.96,6.5,As Expected,"(37.91434, -122.04183)",
2013-2014,Contra Costa,Kaiser Foundation Hospital – Walnut Creek,106070990,322,20,6.21,5.61,5.79,As Expected,"(37.8923, -122.05828)",
2013-2014,Contra Costa,John Muir Medical Center – Concord Campus,106071018,118,11,9.32,5.9,8.26,As Expected,"(37.98615, -122.03874)",
2013-2014,Contra Costa,San Ramon Regional Medical Center,106074017,65,1,1.54,5.21,1.54,As Expected,"(37.77713, -121.96076)",
2013-2014,Contra Costa,Kaiser Foundation Hospital – Antioch,106074097,114,8,7.02,5.08,7.22,As Expected,"(37.951975, -121.776854)",
2013-2014,El Dorado,Barton Memorial Hospital,106090793,35,1,2.86,4.52,3.3,As Expected,"(38.91224, -119.99784)",
2013-2014,El Dorado,Marshall Medical Center,106090933,49,4,8.16,4.79,8.9,As Expected,"(38.72557326, -120.7909638)",
2013-2014,Fresno,Clovis Community Medical Center,106100005,225,10,4.44,4.66,4.99,As Expected,"(36.83745, -119.66072)",
2013-2014,Fresno,Community Regional Medical Center – Fresno,106100717,188,8,4.26,4.61,4.82,As Expected,"(36.74253, -119.78324)",
2013-2014,Fresno,Saint Agnes Medical Center,106100899,440,27,6.14,5.06,6.34,As Expected,"(36.8370782, -119.7649963)",
2013-2014,Fresno,Kaiser Foundation Hospital – Fresno,106104062,202,20,9.9,4.57,11.32,Worse,"(36.84246, -119.7832)",
2013-2014,Humboldt,Saint Joseph Hospital – Eureka,106121080,154,8,5.19,6.38,4.25,As Expected,"(40.7832, -124.14216)",
2013-2014,Imperial,El Centro Regional Medical Center,106130699,92,1,1.09,4.4,1.29,As Expected,"(32.78138, -115.49824)",
2013-2014,Imperial,Pioneers Memorial Healthcare District,106130760,43,1,2.33,5.63,2.16,As Expected,"(32.96003, -115.55183)",
2013-2014,Kern,Bakersfield Memorial Hospital,106150722,219,20,9.13,4.93,9.68,Worse,"(35.39051, -119.00658)",
2013-2014,Kern,Kern Medical Center,106150736,30,4,13.33,4.52,15.43,As Expected,"(35.380833, -118.967222)",
2013-2014,Kern,Mercy Hospital – Bakersfield,106150761,244,10,4.1,4.87,4.4,As Expected,"(35.37323, -119.02715)",
2013-2014,Kern,San Joaquin Community Hospital,106150788,208,14,6.73,4.96,7.09,As Expected,"(35.383064, -119.018775)",
2013-2014,Kings,Adventist Medical Center,106164029,150,10,6.67,5.53,6.3,As Expected,"(36.3256247, -119.6683912)",
2013-2014,Lake,Sutter Lakeside Hospital,106171395,46,1,2.17,4.44,2.56,As Expected,"(39.10232, -122.91003)",
2013-2014,Los Angeles,Alhambra Hospital Medical Center,106190017,66,2,3.03,5.95,2.66,As Expected,"(34.08988, -118.1449)",
2013-2014,Los Angeles,Antelope Valley Hospital,106190034,252,19,7.54,4.52,8.71,As Expected,"(34.68928, -118.15767)",
2013-2014,Los Angeles,Saint Mary Medical Center – Long Beach,106190053,79,0,0,4.26,0,As Expected,"(33.7802376, -118.1866412)",
2013-2014,Los Angeles,Beverly Hospital,106190081,90,2,2.22,4.53,2.56,As Expected,"(34.01614, -118.10132)",
2013-2014,Los Angeles,Southern California Hospital at Culver City,106190110,49,2,4.08,5,4.26,As Expected,"(34.02328, -118.39724)",
2013-2014,Los Angeles,California Hospital Medical Center – Los Angeles,106190125,38,1,2.63,5.09,2.7,As Expected,"(34.03721, -118.26551)",
2013-2014,Los Angeles,Centinela Hospital Medical Center,106190148,82,6,7.32,5.8,6.59,As Expected,"(33.94917, -118.34788)",
2013-2014,Los Angeles,San Gabriel Valley Medical Center,106190200,94,4,4.26,5.23,4.25,As Expected,"(34.1024, -118.10503)",
2013-2014,Los Angeles,Lakewood Regional Medical Center,106190240,152,10,6.58,5.33,6.45,As Expected,"(33.86016, -118.14837)",
2013-2014,Los Angeles,PIH Hospital – Downey,106190243,150,9,6,4.72,6.65,As Expected,"(33.93515, -118.13196)",
2013-2014,Los Angeles,Foothill Presbyterian Hospital – Johnston Memorial,106190298,104,4,3.85,4.94,4.07,As Expected,"(34.13384, -117.87244)",
2013-2014,Los Angeles,Pacific Alliance Medical Center,106190307,34,0,0,4.54,0,As Expected,"(34.06464, -118.23905)",
2013-2014,Los Angeles,Garfield Medical Center,106190315,97,4,4.12,5.29,4.07,As Expected,"(34.06826, -118.12302)",
2013-2014,Los Angeles,Glendale Adventist Medical Center,106190323,185,4,2.16,5.77,1.96,As Expected,"(34.14951, -118.23109)",
2013-2014,Los Angeles,Hollywood Presbyterian Medical Center,106190382,110,3,2.73,5.3,2.69,As Expected,"(34.09557, -118.29163)",
2013-2014,Los Angeles,Providence Holy Cross Medical Center,106190385,219,14,6.39,6.19,5.4,As Expected,"(34.2791, -118.45951)",
2013-2014,Los Angeles,Good Samaritan Hospital – Los Angeles,106190392,120,5,4.17,4.55,4.78,As Expected,"(34.05324, -118.26522)",
2013-2014,Los Angeles,Huntington Memorial Hospital,106190400,315,17,5.4,5.76,4.9,As Expected,"(34.13565, -118.1518)",
2013-2014,Los Angeles,Citrus Valley Medical Center – Inter Community Campus,106190413,119,3,2.52,5.65,2.33,As Expected,"(34.08993, -117.89264)",
2013-2014,Los Angeles,Torrance Memorial Medical Center,106190422,372,31,8.33,5.06,8.6,Worse,"(33.81258, -118.34388)",
2013-2014,Los Angeles,Kaiser Foundation Hospital – Sunset,106190429,92,5,5.43,5.25,5.41,As Expected,"(34.09823, -118.29545)",
2013-2014,Los Angeles,Kaiser Foundation Hospital – South Bay,106190431,54,5,9.26,5.76,8.39,As Expected,"(33.789, -118.29415)",
2013-2014,Los Angeles,Kaiser Foundation Hospital – Panorama City,106190432,226,17,7.52,4.88,8.05,As Expected,"(34.21975, -118.43009)",
2013-2014,Los Angeles,Kaiser Foundation Hospital – West Los Angeles,106190434,77,3,3.9,4.47,4.55,As Expected,"(34.03793, -118.37568)",
2013-2014,Los Angeles,Providence Little Company of Mary Medical Center – Torrance,106190470,273,11,4.03,5.55,3.79,As Expected,"(33.83767, -118.35708)",
2013-2014,Los Angeles,Community Hospital Long Beach,106190475,53,3,5.66,4.66,6.35,As Expected,"(33.78871, -118.14578)",
2013-2014,Los Angeles,Marina Del Rey Hospital,106190500,69,3,4.35,4.73,4.8,As Expected,"(33.98125, -118.43971)",
2013-2014,Los Angeles,Providence Tarzana Medical Center,106190517,187,5,2.67,6.72,2.08,As Expected,"(34.16985, -118.53136)",
2013-2014,Los Angeles,Glendale Memorial Hospital and Medical Center,106190522,135,7,5.19,6.02,4.5,As Expected,"(34.1284, -118.25769)",
2013-2014,Los Angeles,Mission Community Hospital – Panorama Campus,106190524,39,0,0,7.22,0,As Expected,"(34.22138, -118.45639)",
2013-2014,Los Angeles,Long Beach Memorial Medical Center,106190525,205,3,1.46,5.23,1.46,Better,"(33.80801, -118.1852)",
2013-2014,Los Angeles,Methodist Hospital of Southern California,106190529,280,18,6.43,5.35,6.28,As Expected,"(34.13603, -118.03879)",
2013-2014,Los Angeles,Olympia Medical Center,106190534,51,2,3.92,5.55,3.69,As Expected,"(34.05754, -118.36008)",
2013-2014,Los Angeles,Cedars Sinai Medical Center,106190555,386,13,3.37,5.13,3.43,As Expected,"(34.07681, -118.38061)",
2013-2014,Los Angeles,Northridge Hospital Medical Center,106190568,157,10,6.37,5.74,5.8,As Expected,"(34.22075, -118.53186)",
2013-2014,Los Angeles,Pomona Valley Hospital Medical Center,106190630,207,7,3.38,5.78,3.05,As Expected,"(34.07852, -117.75234)",
2013-2014,Los Angeles,Presbyterian Intercommunity Hospital,106190631,304,15,4.93,5.18,4.98,As Expected,"(33.96775, -118.04671)",
2013-2014,Los Angeles,Citrus Valley Medical Center – Queen of the Valley Campus,106190636,118,4,3.39,4.52,3.92,As Expected,"(34.06242, -117.94528)",
2013-2014,Los Angeles,San Dimas Community Hospital,106190673,75,3,4,5.35,3.91,As Expected,"(34.09922, -117.83218)",
2013-2014,Los Angeles,Providence Little Company of Mary Medical Center – San Pedro,106190680,95,2,2.11,5.39,2.04,As Expected,"(33.73798, -118.30557)",
2013-2014,Los Angeles,Santa Monica – UCLA Medical Center and Orthopedic Hospital,106190687,248,12,4.84,5.47,4.62,As Expected,"(34.02755, -118.48623)",
2013-2014,Los Angeles,Sherman Oaks Hospital,106190708,59,2,3.39,5.31,3.33,As Expected,"(34.15995, -118.4488)",
2013-2014,Los Angeles,Saint Francis Medical Center,106190754,75,2,2.67,4.58,3.04,As Expected,"(33.93085, -118.20415)",
2013-2014,Los Angeles,Saint John’s Health Center,106190756,201,13,6.47,5.18,6.52,As Expected,"(34.0298085, -118.478687)",
2013-2014,Los Angeles,Providence Saint Joseph Medical Center,106190758,311,15,4.82,4.9,5.14,As Expected,"(34.1559, -118.32711)",
2013-2014,Los Angeles,Saint Vincent Medical Center,106190762,75,1,1.33,6.69,1.04,As Expected,"(34.06311, -118.27302)",
2013-2014,Los Angeles,Ronald Reagan UCLA Medical Center,106190796,38,4,10.53,6.09,9.03,As Expected,"(34.068889, -118.445)",
2013-2014,Los Angeles,Valley Presbyterian Hospital,106190812,92,5,5.43,4.87,5.83,As Expected,"(34.19399, -118.46196)",
2013-2014,Los Angeles,University of Southern California Verdugo Hills Hospital,106190818,118,4,3.39,4.61,3.85,As Expected,"(34.20557, -118.2152)",
2013-2014,Los Angeles,West Hills Hospital and Medical Center,106190859,181,15,8.29,5.45,7.94,As Expected,"(34.20365, -118.6294)",
2013-2014,Los Angeles,White Memorial Medical Center,106190878,81,3,3.7,6.05,3.2,As Expected,"(34.051, -118.21739)",
2013-2014,Los Angeles,Whittier Hospital Medical Center,106190883,61,1,1.64,5.47,1.57,As Expected,"(33.95379, -118.00303)",
2013-2014,Los Angeles,Henry Mayo Newhall Hospital,106190949,131,12,9.16,4.97,9.63,As Expected,"(34.39637, -118.55324)",
2013-2014,Los Angeles,Los Angeles County/Harbor – UCLA Medical Center,106191227,39,0,0,4.08,0,As Expected,"(33.83149, -118.29332)",
2013-2014,Los Angeles,Los Angeles County/University of Southern California Medical Center,106191228,56,1,1.79,3.43,2.72,As Expected,"(34.05982, -118.21031)",
2013-2014,Los Angeles,Kaiser Foundation Hospital – Woodland Hills,106191450,247,7,2.83,5.53,2.68,As Expected,"(34.17198, -118.58829)",
2013-2014,Los Angeles,Kaiser Foundation Hospital – Baldwin Park,106196035,200,9,4.5,5.36,4.39,As Expected,"(34.06348, -117.986)",
2013-2014,Los Angeles,Kaiser Foundation Hospital – Downey,106196403,149,5,3.36,4.5,3.9,As Expected,"(33.9171234, -118.1290216)",
2013-2014,Los Angeles,Palmdale Regional Medical Center,106196405,107,6,5.61,5.75,5.09,As Expected,"(34.5843754, -118.1443461)",
2013-2014,Marin,Kaiser Foundation Hospital – San Rafael,106210992,162,7,4.32,5.53,4.08,As Expected,"(38.0041, -122.55376)",
2013-2014,Marin,Marin General Hospital,106211006,165,9,5.45,5.28,5.4,As Expected,"(37.94651, -122.53715)",
2013-2014,Marin,Novato Community Hospital,106214034,59,5,8.47,6.13,7.23,As Expected,"(38.09749, -122.55887)",
2013-2014,Mendocino,Frank R. Howard Memorial Hospital,106230949,92,5,5.43,4.28,6.64,As Expected,"(39.40079, -123.34973)",
2013-2014,Mendocino,Ukiah Valley Medical Center,106231396,50,3,6,4.64,6.76,As Expected,"(39.1528, -123.20363)",
2013-2014,Merced,Mercy Medical Center – Merced,106240942,182,9,4.95,5.3,4.87,As Expected,"(37.3402309, -120.4651815)",
2013-2014,Monterey,Community Hospital of The Monterey Peninsula,106270744,227,11,4.85,5.36,4.72,As Expected,"(36.59827, -121.92488)",
2013-2014,Monterey,Salinas Valley Memorial Hospital,106270875,138,10,7.25,6.01,6.3,As Expected,"(36.66022, -121.6481)",
2013-2014,Napa,Queen of the Valley Hospital – Napa,106281047,125,11,8.8,5.91,7.78,As Expected,"(38.32363, -122.296)",
2013-2014,Napa,Saint Helena Hospital,106281078,54,4,7.41,5.81,6.66,As Expected,"(38.53937349, -122.473003)",
2013-2014,Nevada,Sierra Nevada Memorial Hospital,106291023,148,7,4.73,5.81,4.25,As Expected,"(39.22932, -121.04748)",
2013-2014,Nevada,Tahoe Forest Hospital,106291053,36,1,2.78,3.54,4.1,As Expected,"(39.3245579, -120.2014553)",
2013-2014,Orange,Orange Coast Memorial Medical Center,106300225,183,9,4.92,4.95,5.19,As Expected,"(33.70162, -117.95524)",
2013-2014,Orange,AHMC Anaheim Regional Medical Center,106301098,129,11,8.53,5.68,7.85,As Expected,"(33.84725, -117.93248)",
2013-2014,Orange,Fountain Valley Regional Hospital and Medical Center – Euclid,106301175,163,4,2.45,5.07,2.53,As Expected,"(33.71546, -117.93694)",
2013-2014,Orange,Hoag Memorial Hospital Presbyterian,106301205,196,15,7.65,6.3,6.34,As Expected,"(33.62526, -117.92949)",
2013-2014,Orange,La Palma Intercommunity Hospital,106301234,42,1,2.38,4.89,2.54,As Expected,"(33.8485, -118.03737)",
2013-2014,Orange,Los Alamitos Medical Center,106301248,284,12,4.23,5.2,4.25,As Expected,"(33.80327, -118.0674)",
2013-2014,Orange,Mission Hospital Regional Medical Center,106301262,219,8,3.65,4.77,4,As Expected,"(33.56279, -117.66768)",
2013-2014,Orange,UC Irvine Medical Center,106301279,61,0,0,5.28,0,As Expected,"(33.7889, -117.89064)",
2013-2014,Orange,Garden Grove Hospital and Medical Center,106301283,47,1,2.13,5.52,2.02,As Expected,"(33.7745089, -117.9130315)",
2013-2014,Orange,Placentia Linda Hospital,106301297,97,5,5.15,5.38,5.01,As Expected,"(33.88704521, -117.8431129)",
2013-2014,Orange,Saddleback Memorial Medical Center,106301317,388,17,4.38,5.58,4.1,As Expected,"(33.60796, -117.70837)",
2013-2014,Orange,Mission Hospital Laguna Beach,106301337,58,2,3.45,5.1,3.54,As Expected,"(33.4997391, -117.7422502)",
2013-2014,Orange,Saint Joseph Hospital – Orange,106301340,317,16,5.05,4.88,5.4,As Expected,"(33.7823, -117.86516)",
2013-2014,Orange,Saint Jude Medical Center,106301342,313,14,4.47,5.01,4.67,As Expected,"(33.89349, -117.92851)",
2013-2014,Orange,West Anaheim Medical Center,106301379,72,4,5.56,7.1,4.09,As Expected,"(33.82482, -117.99492)",
2013-2014,Orange,Western Medical Center – Santa Ana,106301566,54,6,11.11,4.86,11.94,As Expected,"(33.75361, -117.83398)",
2013-2014,Orange,Kaiser Foundation Hospital – Orange County – Anaheim,106304409,361,19,5.26,5.11,5.38,As Expected,"(33.8544317, -117.8439815)",
2013-2014,Orange,Hoag Orthopedic Institute,106304460,364,10,2.75,3.87,3.71,As Expected,"(33.6617789, -117.7735916)",
2013-2014,Placer,Sutter Auburn Faith Hospital,106310791,118,14,11.86,6.21,9.98,As Expected,"(38.94452, -121.0982)",
2013-2014,Placer,Sutter Roseville Medical Center,106311000,313,27,8.63,5.77,7.82,As Expected,"(38.76439, -121.25055)",
2013-2014,Placer,Kaiser Foundation Hospital – Roseville,106314024,356,24,6.74,5.39,6.53,As Expected,"(38.74636, -121.25107)",
2013-2014,Riverside,Corona Regional Medical Center – Main,106331152,131,7,5.34,4.97,5.62,As Expected,"(33.8733354, -117.5668015)",
2013-2014,Riverside,Desert Regional Medical Center,106331164,299,29,9.7,4.86,10.42,Worse,"(33.83932, -116.54549)",
2013-2014,Riverside,Eisenhower Medical Center,106331168,432,25,5.79,4.84,6.24,As Expected,"(33.76418, -116.40808)",
2013-2014,Riverside,Hemet Valley Medical Center,106331194,274,28,10.22,6.16,8.67,Worse,"(33.75113, -116.95958)",
2013-2014,Riverside,John F. Kennedy Memorial Hospital,106331216,119,8,6.72,3.76,9.33,As Expected,"(33.70677, -116.23391)",
2013-2014,Riverside,Parkview Community Hospital Medical Center,106331293,64,0,0,4.5,0,As Expected,"(33.92573, -117.43996)",
2013-2014,Riverside,Riverside Community Hospital,106331312,246,13,5.28,4.84,5.7,As Expected,"(33.97641, -117.37997)",
2013-2014,Riverside,San Gorgonio Memorial Hospital,106331326,30,2,6.67,4.92,7.08,As Expected,"(33.9295, -116.94678)",
2013-2014,Riverside,Menifee Valley Medical Center,106334018,93,5,5.38,5.58,5.03,As Expected,"(33.72146, -117.15691)",
2013-2014,Riverside,Kaiser Foundation Hospital – Riverside,106334025,117,8,6.84,4.91,7.27,As Expected,"(33.9063, -117.47082)",
2013-2014,Riverside,Kaiser Foundation Hospital – Moreno Valley,106334048,40,1,2.5,4.7,2.78,As Expected,"(33.89519, -117.18094)",
2013-2014,Riverside,Southwest Healthcare System – Murrieta,106334068,257,13,5.06,4.65,5.68,As Expected,"(33.55788, -117.18488)",
2013-2014,Riverside,Riverside County Regional Medical Center,106334487,81,5,6.17,4.69,6.88,As Expected,"(33.91187, -117.19525)",
2013-2014,Riverside,Temecula Valley Hospital,106334564,40,2,5,4.46,5.86,As Expected,"(33.4795943, -117.1048018)",
2013-2014,Riverside,Loma Linda University Medical Center – Murrieta,106334589,105,4,3.81,4.82,4.13,As Expected,"(33.6122263, -117.1624483)",
2013-2014,Sacramento,Kaiser Foundation Hospital – Sacramento,106340913,239,10,4.18,5.14,4.25,As Expected,"(38.60197, -121.39232)",
2013-2014,Sacramento,Mercy General Hospital,106340947,146,9,6.16,5.36,6.01,As Expected,"(38.56955, -121.45271)",
2013-2014,Sacramento,Mercy San Juan Hospital,106340950,275,13,4.73,5.44,4.54,As Expected,"(38.66818, -121.31261)",
2013-2014,Sacramento,Methodist Hospital of Sacramento,106340951,106,9,8.49,5.13,8.64,As Expected,"(38.46416, -121.41744)",
2013-2014,Sacramento,UC Davis Medical Center,106341006,146,6,4.11,5.55,3.87,As Expected,"(38.55438, -121.45738)",
2013-2014,Sacramento,Sutter General Hospital,106341051,313,13,4.15,5.18,4.19,As Expected,"(38.57176, -121.47008)",
2013-2014,Sacramento,Kaiser Foundation Hospital – South Sacramento,106342344,190,11,5.79,5.9,5.13,As Expected,"(38.47144, -121.42409)",
2013-2014,Sacramento,Mercy Hospital – Folsom,106344029,96,5,5.21,4.95,5.5,As Expected,"(38.67223, -121.1428)",
2013-2014,San Benito,Hazel Hawkins Memorial Hospital,106350784,33,1,3.03,5.45,2.9,As Expected,"(36.835, -121.38609)",
2013-2014,San Bernardino,Kaiser Foundation Hospital – Fontana,106361223,318,12,3.77,4.55,4.33,As Expected,"(34.0725, -117.43549)",
2013-2014,San Bernardino,Loma Linda University Medical Center,106361246,151,8,5.3,5.16,5.36,As Expected,"(34.05164, -117.26146)",
2013-2014,San Bernardino,Redlands Community Hospital,106361308,273,14,5.13,6.14,4.37,As Expected,"(34.03699, -117.2044)",
2013-2014,San Bernardino,San Antonio Community Hospital,106361318,246,14,5.69,5.44,5.46,As Expected,"(34.10056, -117.63828)",
2013-2014,San Bernardino,Community Hospital of San Bernardino,106361323,30,2,6.67,4.29,8.12,As Expected,"(34.13138, -117.32245)",
2013-2014,San Bernardino,Saint Bernardine Medical Center,106361339,147,3,2.04,4.3,2.48,As Expected,"(34.1341, -117.27865)",
2013-2014,San Bernardino,Saint Mary Medical Center – Apple Valley,106361343,187,6,3.21,5.34,3.14,As Expected,"(34.54053, -117.26535)",
2013-2014,San Bernardino,Victor Valley Global Medical Center,106361370,76,5,6.58,3.99,8.62,As Expected,"(34.5281768, -117.2925622)",
2013-2014,San Bernardino,Hi-Desert Medical Center,106362041,62,7,11.29,4.6,12.83,As Expected,"(34.13323, -116.27654)",
2013-2014,San Bernardino,Desert Valley Hospital,106364144,85,5,5.88,6.75,4.55,As Expected,"(34.47093, -117.29778)",
2013-2014,San Bernardino,Arrowhead Regional Medical Center,106364231,64,4,6.25,4.52,7.22,As Expected,"(34.07163215, -117.3527761)",
2013-2014,San Diego,Alvarado Hospital,106370652,73,3,4.11,5.36,4,As Expected,"(32.77708, -117.05683)",
2013-2014,San Diego,Sharp Coronado Hospital and Healthcare Center,106370689,39,5,12.82,8.03,8.34,As Expected,"(32.69427, -117.16808)",
2013-2014,San Diego,Sharp Memorial Hospital,106370694,404,20,4.95,5.56,4.65,As Expected,"(32.80016, -117.15531)",
2013-2014,San Diego,Fallbrook Hospital District,106370705,65,3,4.62,4.58,5.27,As Expected,"(33.38026, -117.24509)",
2013-2014,San Diego,Grossmont Hospital,106370714,329,17,5.17,5.96,4.53,As Expected,"(32.77963, -117.00924)",
2013-2014,San Diego,Kaiser Foundation Hospital – San Diego,106370730,537,31,5.77,4.92,6.13,As Expected,"(32.79287, -117.09447)",
2013-2014,San Diego,Scripps Mercy Hospital,106370744,316,15,4.75,5.18,4.79,As Expected,"(32.75128, -117.1609)",
2013-2014,San Diego,Palomar Health Downtown Campus,106370755,300,13,4.33,5.36,4.23,As Expected,"(33.12622, -117.07585)",
2013-2014,San Diego,Paradise Valley Hospital,106370759,33,2,6.06,4.82,6.56,As Expected,"(32.6863293, -117.0830382)",
2013-2014,San Diego,Scripps Memorial Hospital – La Jolla,106370771,256,15,5.86,4.53,6.76,As Expected,"(32.88506, -117.22279)",
2013-2014,San Diego,Tri-City Medical Center – Oceanside,106370780,311,17,5.47,5.51,5.18,As Expected,"(33.18394, -117.29027)",
2013-2014,San Diego,UC San Diego Health System – Hillcrest Medical Center,106370782,157,5,3.18,5.33,3.12,As Expected,"(32.75387, -117.16498)",
2013-2014,San Diego,Sharp Chula Vista Medical Center,106370875,164,11,6.71,5.95,5.89,As Expected,"(32.61909, -117.02488)",
2013-2014,San Diego,Pomerado Hospital,106370977,149,14,9.4,5.52,8.9,As Expected,"(32.99563, -117.05784)",
2013-2014,San Diego,Scripps Green Hospital,106371256,131,6,4.58,4.66,5.14,As Expected,"(32.89654, -117.2419)",
2013-2014,San Diego,Scripps Memorial Hospital – Encinitas,106371394,216,10,4.63,5.36,4.51,As Expected,"(33.0363, -117.28495)",
2013-2014,San Francisco,Kaiser Foundation Hospital – San Francisco,106380857,113,3,2.65,5.52,2.51,As Expected,"(37.78274, -122.44289)",
2013-2014,San Francisco,California Pacific Medical Center – Pacific Campus,106380929,225,7,3.11,5.7,2.85,As Expected,"(37.79149, -122.43102)",
2013-2014,San Francisco,San Francisco General Hospital,106380939,68,1,1.47,5.06,1.52,As Expected,"(37.75657, -122.40637)",
2013-2014,San Francisco,Saint Francis Memorial Hospital,106380960,79,5,6.33,5.17,6.4,As Expected,"(37.78917, -122.41695)",
2013-2014,San Francisco,California Pacific Medical Center – St. Luke’s Campus,106380964,35,0,0,4.9,0,As Expected,"(37.74799, -122.42052)",
2013-2014,San Francisco,"Saint Mary’s Medical Center, San Francisco",106380965,98,2,2.04,5.3,2.01,As Expected,"(37.77408, -122.45441)",
2013-2014,San Francisco,UC San Francisco Medical Center,106381154,102,5,4.9,5.49,4.67,As Expected,"(37.7635148, -122.4576564)",
2013-2014,San Francisco,Chinese Hospital,106382715,42,2,4.76,5.82,4.28,As Expected,"(37.79565, -122.40926)",
2013-2014,San Joaquin,Dameron Hospital,106390846,89,2,2.25,5.12,2.29,As Expected,"(37.9613, -121.30061)",
2013-2014,San Joaquin,Lodi Memorial Hospital,106390923,155,12,7.74,5.23,7.74,As Expected,"(38.12146, -121.2859)",
2013-2014,San Joaquin,San Joaquin General Hospital,106391010,34,1,2.94,3.91,3.93,As Expected,"(37.88594, -121.28918)",
2013-2014,San Joaquin,Saint Joseph’s Medical Center of Stockton,106391042,212,8,3.77,5.73,3.44,As Expected,"(37.97075, -121.2891)",
2013-2014,San Joaquin,Sutter Tracy Community Hospital,106391056,47,4,8.51,6.89,6.45,As Expected,"(37.74366, -121.43482)",
2013-2014,San Joaquin,Doctors Hospital of Manteca,106392287,66,5,7.58,4.88,8.12,As Expected,"(37.80118, -121.19818)",
2013-2014,San Joaquin,Kaiser Foundation Hospital – Manteca,106394009,203,13,6.4,5.2,6.43,As Expected,"(37.79751, -121.24612)",
2013-2014,San Luis Obispo,Marian Regional Medical Center – Arroyo Grande,106400466,83,9,10.84,5.01,11.31,As Expected,"(35.11369, -120.59147)",
2013-2014,San Luis Obispo,French Hospital Medical Center,106400480,86,5,5.81,5.96,5.1,As Expected,"(35.27801, -120.64977)",
2013-2014,San Luis Obispo,Sierra Vista Regional Medical Center,106400524,83,2,2.41,4.63,2.72,As Expected,"(35.29105, -120.66576)",
2013-2014,San Luis Obispo,Twin Cities Community Hospital,106400548,145,12,8.28,4.82,8.97,As Expected,"(35.5543, -120.71967)",
2013-2014,San Mateo,Kaiser Foundation Hospital – Redwood City,106410804,93,4,4.3,6.06,3.71,As Expected,"(37.48948, -122.2232)",
2013-2014,San Mateo,Kaiser Foundation Hospital – South San Francisco,106410806,144,5,3.47,5.54,3.27,As Expected,"(37.65806, -122.43837)",
2013-2014,San Mateo,Seton Medical Center,106410817,118,4,3.39,5.41,3.27,As Expected,"(37.68172, -122.47283)",
2013-2014,San Mateo,Peninsula Medical Center,106410852,255,9,3.53,5.81,3.17,As Expected,"(37.5944692, -122.3832465)",
2013-2014,San Mateo,Sequoia Hospital,106410891,103,4,3.88,4.97,4.08,As Expected,"(37.48129, -122.25377)",
2013-2014,Santa Barbara,Goleta Valley Cottage Hospital,106420483,108,3,2.78,4.24,3.42,As Expected,"(34.43336, -119.80929)",
2013-2014,Santa Barbara,Lompoc Valley Medical Center,106420491,48,1,2.08,3.43,3.17,As Expected,"(34.639252, -120.4396497)",
2013-2014,Santa Barbara,Marian Regional Medical Center,106420493,170,11,6.47,5.31,6.37,As Expected,"(34.95198, -120.41338)",
2013-2014,Santa Barbara,Santa Barbara Cottage Hospital,106420514,270,17,6.3,5.37,6.12,As Expected,"(34.42943, -119.72318)",
2013-2014,Santa Clara,Regional Medical of San Jose,106430705,133,4,3.01,4.29,3.66,As Expected,"(37.36332, -121.84837)",
2013-2014,Santa Clara,El Camino Hospital,106430763,317,6,1.89,5.56,1.78,Better,"(37.36779, -122.07801)",
2013-2014,Santa Clara,Good Samaritan Hospital – San Jose,106430779,226,13,5.75,4.8,6.26,As Expected,"(37.25116, -121.9449)",
2013-2014,Santa Clara,O’Connor Hospital,106430837,195,9,4.62,5.25,4.59,As Expected,"(37.32714, -121.93727)",
2013-2014,Santa Clara,Santa Clara Valley Medical Center,106430883,60,4,6.67,4.08,8.53,As Expected,"(37.31346, -121.93202)",
2013-2014,Santa Clara,Stanford Hospital,106430905,215,13,6.05,5.72,5.52,As Expected,"(37.43342, -122.17827)",
2013-2014,Santa Clara,Kaiser Foundation Hospital – San Jose,106431506,157,13,8.28,5.47,7.91,As Expected,"(37.23924, -121.80269)",
2013-2014,Santa Clara,Saint Louise Regional Hospital,106434138,57,4,7.02,5.03,7.29,As Expected,"(37.03731, -121.57411)",
2013-2014,Santa Clara,Kaiser Foundation Hospital – Santa Clara,106434153,266,10,3.76,5.34,3.68,As Expected,"(37.334597, -121.995774)",
2013-2014,Santa Cruz,Dominican Hospital,106440755,165,9,5.45,4.85,5.88,As Expected,"(36.98806, -121.98489)",
2013-2014,Santa Cruz,Watsonville Community Hospital,106444013,79,2,2.53,4.9,2.7,As Expected,"(36.92839, -121.79173)",
2013-2014,Shasta,Shasta Regional Medical Center,106450940,129,4,3.1,4.57,3.55,As Expected,"(40.5855423, -122.3862952)",
2013-2014,Shasta,Mercy Medical Center – Redding,106450949,343,21,6.12,5.02,6.37,As Expected,"(40.57204, -122.39742)",
2013-2014,Siskiyou,Fairchild Medical Center,106474007,44,2,4.55,4.65,5.11,As Expected,"(41.71865, -122.64353)",
2013-2014,Solano,Kaiser Foundation Hospital – Rehabilitation Center Vallejo,106480989,171,13,7.6,5.17,7.68,As Expected,"(38.12839, -122.24761)",
2013-2014,Solano,Sutter Solano Medical Center,106481094,51,4,7.84,5.18,7.92,As Expected,"(38.13117, -122.23912)",
2013-2014,Solano,North Bay Medical Center,106481357,115,9,7.83,5.22,7.83,As Expected,"(38.26097, -122.05076)",
2013-2014,Solano,Kaiser Foundation Hospital – Vacaville,106484044,117,11,9.4,5.03,9.76,As Expected,"(38.3894968, -121.9373177)",
2013-2014,Sonoma,Sutter Medical Center of Santa Rosa,106490919,71,7,9.86,5.08,10.14,As Expected,"(38.46855, -122.70739)",
2013-2014,Sonoma,Healdsburg District Hospital,106490964,33,1,3.03,4.82,3.29,As Expected,"(38.62764, -122.86385)",
2013-2014,Sonoma,Petaluma Valley Hospital,106491001,68,3,4.41,5.6,4.12,As Expected,"(38.25323, -122.63302)",
2013-2014,Sonoma,Santa Rosa Memorial Hospital – Montgomery,106491064,247,14,5.67,5.54,5.35,As Expected,"(38.44304, -122.70114)",
2013-2014,Sonoma,Sonoma Valley Hospital,106491076,53,1,1.89,5.41,1.82,As Expected,"(38.28841, -122.46524)",
2013-2014,Sonoma,Kaiser Foundation Hospital – Santa Rosa,106494019,184,8,4.35,4.95,4.59,As Expected,"(38.47087, -122.73119)",
2013-2014,Stanislaus,Doctors Medical Center,106500852,241,10,4.15,4.88,4.45,As Expected,"(37.66439, -120.99631)",
2013-2014,Stanislaus,Emanuel Medical Center,106500867,67,8,11.94,5.08,12.28,As Expected,"(37.51052, -120.83966)",
2013-2014,Stanislaus,Memorial Hospital Medical Center – Modesto,106500939,341,13,3.81,5.16,3.86,As Expected,"(37.66727, -120.97546)",
2013-2014,Tulare,Kaweah Delta Medical Center,106540734,263,17,6.46,5.1,6.62,As Expected,"(36.32753, -119.29345)",
2013-2014,Tulare,Sierra View Medical Center,106540798,107,4,3.74,4.07,4.79,As Expected,"(36.06948, -119.02727)",
2013-2014,Tulare,Tulare Regional Medical Center,106540816,48,3,6.25,4.73,6.91,As Expected,"(36.22217, -119.33775)",
2013-2014,Tuolumne,Sonora Regional Medical Center – Greenley,106554011,111,9,8.11,5.34,7.94,As Expected,"(37.98811, -120.36965)",
2013-2014,Ventura,Community Memorial Hospital – San Buenaventura,106560473,233,12,5.15,5.4,4.99,As Expected,"(34.274589, -119.258124)",
2013-2014,Ventura,Ventura County Medical Center,106560481,60,3,5,4.88,5.35,As Expected,"(34.27634, -119.2517)",
2013-2014,Ventura,Los Robles Hospital and Medical Center,106560492,260,13,5,4.91,5.32,As Expected,"(34.20539, -118.89297)",
2013-2014,Ventura,Ojai Valley Community Hospital,106560501,33,3,9.09,5.69,8.34,As Expected,"(34.44221, -119.26311)",
2013-2014,Ventura,Saint John’s Pleasant Valley Hospital,106560508,112,3,2.68,5.5,2.55,As Expected,"(34.24177, -119.018)",
2013-2014,Ventura,Simi Valley Hospital and Healthcare Services – Sycamore,106560525,81,7,8.64,4.41,10.23,As Expected,"(34.28945, -118.74405)",
2013-2014,Ventura,Saint John’s Regional Medical Center,106560529,115,4,3.48,4.73,3.84,As Expected,"(34.21687, -119.15819)",
2013-2014,Yolo,Woodland Memorial Hospital,106571086,59,6,10.17,5.62,9.45,As Expected,"(38.66284, -121.7933)",
2013-2014,Yolo,Sutter Davis Hospital,106574010,72,5,6.94,5.42,6.69,As Expected,"(38.56154, -121.77244)",
2013-2014,Yuba,Rideout Memorial Hospital,106580996,203,12,5.91,4.93,6.26,As Expected,"(39.138222, -121.594363)",
2014-2015,STATEWIDE,,106     .,34531,1807,5.23,.,.,As Expected,.,.
2014-2015,Alameda,Alameda Hospital,106010735,38,2,5.26,5.25,5.24,As Expected,-122.25362,37.762953
2014-2015,Alameda,Alta Bates Summit Medical Center  Alta Bates Campus,106010739,142,5,3.52,5.42,3.4,As Expected,-122.25784,37.85633
2014-2015,Alameda,Kaiser Foundation Hospital  Oakland Campus,106010856,48,2,4.17,5.04,4.33,As Expected,-122.25792,37.82425
2014-2015,Alameda,Kaiser Foundation Hospital  Hayward,106010858,53,4,7.55,4.57,8.63,As Expected,-122.09338,37.62593
2014-2015,Alameda,Alta Bates Summit Medical Center,106010937,135,9,6.67,6.33,5.51,As Expected,-122.26257,37.82106
2014-2015,Alameda,Saint Rose Hospital,106010967,44,0,0,4.19,0,As Expected,-122.08962,37.63291
2014-2015,Alameda,Washington Hospital  Fremont,106010987,149,7,4.7,5.3,4.64,As Expected,-121.98006,37.55847
2014-2015,Alameda,Valleycare Medical Center,106014050,101,3,2.97,5.4,2.88,As Expected,-121.88095,37.69206
2014-2015,Alameda,Kaiser Foundation Hospital  Fremont,106014132,58,7,12.07,5.43,11.63,As Expected,-121.97483,37.55055
2014-2015,Alameda,Eden Medical Center,106014233,156,9,5.77,5.72,5.28,As Expected,-122.0874055,37.6983769
2014-2015,Alameda,Kaiser Foundation Hospital  Oakland/Richmond,106014326,146,10,6.85,5.36,6.68,As Expected,-122.25791,37.82402
2014-2015,Alameda,Kaiser Foundation Hospital  San Leandro,106014337,109,4,3.67,5.16,3.72,As Expected,-122.16917,37.70611
2014-2015,Amador,Sutter Amador Hospital,106034002,64,3,4.69,5.47,4.49,As Expected,-120.77272,38.34743
2014-2015,Butte,Feather River Hospital,106040875,104,4,3.85,6.23,3.23,As Expected,-121.57218,39.75641
2014-2015,Butte,Oroville Hospital,106040937,116,7,6.03,5.35,5.91,As Expected,-121.5428,39.50485
2014-2015,Butte,Enloe Medical Center  Esplanade,106040962,247,14,5.67,4.82,6.15,As Expected,-121.84922,39.74224
2014-2015,Calaveras,Mark Twain Medical Center,106050932,47,2,4.26,4.62,4.82,As Expected,-120.67105,38.19021
2014-2015,Contra Costa,Sutter Delta Medical Center,106070934,86,4,4.65,5.38,4.52,As Expected,-121.8054,37.98222
2014-2015,Contra Costa,John Muir Medical Center  Walnut Creek Campus,106070988,292,18,6.16,6,5.37,As Expected,-122.04183,37.91434
2014-2015,Contra Costa,Kaiser Foundation Hospital  Walnut Creek,106070990,278,16,5.76,5.45,5.53,As Expected,-122.05828,37.8923
2014-2015,Contra Costa,John Muir Medical Center  Concord Campus,106071018,119,5,4.2,5.79,3.8,As Expected,-122.03874,37.98615
2014-2015,Contra Costa,San Ramon Regional Medical Center,106074017,59,1,1.69,4.88,1.82,As Expected,-121.96076,37.77713
2014-2015,Contra Costa,Kaiser Foundation Hospital  Antioch,106074097,106,7,6.6,4.8,7.2,As Expected,-121.776854,37.951975
2014-2015,El Dorado,Barton Memorial Hospital,106090793,31,1,3.23,3.89,4.34,As Expected,-119.99784,38.91224
2014-2015,El Dorado,Marshall Medical Center,106090933,46,5,10.87,5.92,9.61,As Expected,-120.7909638,38.72557326
2014-2015,Fresno,Clovis Community Medical Center,106100005,214,8,3.74,4.67,4.19,As Expected,-119.66072,36.83745
2014-2015,Fresno,Community Regional Medical Center  Fresno,106100717,171,3,1.75,4.77,1.92,As Expected,-119.78324,36.74253
2014-2015,Fresno,Saint Agnes Medical Center,106100899,374,20,5.35,5.08,5.51,As Expected,-119.7649963,36.8370782
2014-2015,Fresno,Kaiser Foundation Hospital  Fresno,106104062,184,16,8.7,4.6,9.9,As Expected,-119.7832,36.84246
2014-2015,Humboldt,Mad River Community Hospital,106121002,36,4,11.11,4.01,14.5,As Expected,-124.09038,40.90351
2014-2015,Humboldt,Saint Joseph Hospital  Eureka,106121080,97,5,5.15,6.25,4.31,As Expected,-124.14216,40.7832
2014-2015,Imperial,El Centro Regional Medical Center,106130699,92,3,3.26,4.68,3.65,As Expected,-115.49824,32.78138
2014-2015,Imperial,Pioneers Memorial Healthcare District,106130760,33,0,0,4.17,0,As Expected,-115.55183,32.96003
2014-2015,Kern,Bakersfield Memorial Hospital,106150722,207,17,8.21,4.97,8.64,As Expected,-119.00658,35.39051
2014-2015,Kern,Kern Medical Center,106150736,30,1,3.33,4.42,3.94,As Expected,-118.967222,35.380833
2014-2015,Kern,Mercy Hospital  Bakersfield,106150761,211,10,4.74,5.2,4.77,As Expected,-119.02715,35.37323
2014-2015,Kern,San Joaquin Community Hospital,106150788,193,15,7.77,5.03,8.09,As Expected,-119.018775,35.383064
2014-2015,Kings,Adventist Medical Center,106164029,148,6,4.05,5.43,3.91,As Expected,-119.6683912,36.3256247
2014-2015,Lake,Sutter Lakeside Hospital,106171395,45,3,6.67,5.07,6.89,As Expected,-122.91003,39.10232
2014-2015,Los Angeles,Alhambra Hospital Medical Center,106190017,63,1,1.59,6.59,1.26,As Expected,-118.1449,34.08988
2014-2015,Los Angeles,Antelope Valley Hospital,106190034,239,15,6.28,4.48,7.33,As Expected,-118.15767,34.68928
2014-2015,Los Angeles,Saint Mary Medical Center  Long Beach,106190053,70,0,0,4.86,0,As Expected,-118.1866412,33.7802376
2014-2015,Los Angeles,Beverly Hospital,106190081,83,5,6.02,4.68,6.74,As Expected,-118.10132,34.01614
2014-2015,Los Angeles,Southern California Hospital at Culver City,106190110,51,2,3.92,5.03,4.08,As Expected,-118.39724,34.02328
2014-2015,Los Angeles,California Hospital Medical Center  Los Angeles,106190125,36,2,5.56,5.6,5.19,As Expected,-118.26551,34.03721
2014-2015,Los Angeles,Centinela Hospital Medical Center,106190148,70,5,7.14,4.87,7.67,As Expected,-118.34788,33.94917
2014-2015,Los Angeles,San Gabriel Valley Medical Center,106190200,82,6,7.32,4.47,8.57,As Expected,-118.10503,34.1024
2014-2015,Los Angeles,Lakewood Regional Medical Center,106190240,141,6,4.26,4.69,4.74,As Expected,-118.14837,33.86016
2014-2015,Los Angeles,PIH Hospital  Downey,106190243,125,5,4,4.71,4.45,As Expected,-118.13196,33.93515
2014-2015,Los Angeles,Foothill Presbyterian Hospital  Johnston Memorial,106190298,82,7,8.54,4.61,9.68,As Expected,-117.87244,34.13384
2014-2015,Los Angeles,Pacific Alliance Medical Center,106190307,35,0,0,5.01,0,As Expected,-118.23905,34.06464
2014-2015,Los Angeles,Garfield Medical Center,106190315,91,3,3.3,5.06,3.41,As Expected,-118.12302,34.06826
2014-2015,Los Angeles,Glendale Adventist Medical Center,106190323,174,5,2.87,5.94,2.53,As Expected,-118.23109,34.14951
2014-2015,Los Angeles,Hollywood Presbyterian Medical Center,106190382,89,2,2.25,5.82,2.02,As Expected,-118.29163,34.09557
2014-2015,Los Angeles,Providence Holy Cross Medical Center,106190385,219,7,3.2,6.53,2.56,As Expected,-118.45951,34.2791
2014-2015,Los Angeles,Good Samaritan Hospital  Los Angeles,106190392,101,3,2.97,4.37,3.56,As Expected,-118.26522,34.05324
2014-2015,Los Angeles,Huntington Memorial Hospital,106190400,276,10,3.62,5.53,3.43,As Expected,-118.1518,34.13565
2014-2015,Los Angeles,Citrus Valley Medical Center  Inter Community Campus,106190413,91,1,1.1,5.32,1.08,As Expected,-117.89264,34.08993
2014-2015,Los Angeles,Torrance Memorial Medical Center,106190422,309,17,5.5,4.55,6.32,As Expected,-118.34388,33.81258
2014-2015,Los Angeles,Kaiser Foundation Hospital  Sunset,106190429,72,2,2.78,4.79,3.04,As Expected,-118.29545,34.09823
2014-2015,Los Angeles,Kaiser Foundation Hospital  South Bay,106190431,70,6,8.57,5.13,8.74,As Expected,-118.29415,33.789
2014-2015,Los Angeles,Kaiser Foundation Hospital  Panorama City,106190432,207,15,7.25,5.34,7.1,As Expected,-118.43009,34.21975
2014-2015,Los Angeles,Kaiser Foundation Hospital  West Los Angeles,106190434,75,2,2.67,4.34,3.22,As Expected,-118.37568,34.03793
2014-2015,Los Angeles,Providence Little Company of Mary Medical Center  Torrance,106190470,230,10,4.35,5.51,4.13,As Expected,-118.35708,33.83767
2014-2015,Los Angeles,Community Hospital Long Beach,106190475,64,6,9.38,5.92,8.28,As Expected,-118.14578,33.78871
2014-2015,Los Angeles,Marina Del Rey Hospital,106190500,81,0,0,4.57,0,As Expected,-118.43971,33.98125
2014-2015,Los Angeles,Providence Tarzana Medical Center,106190517,158,6,3.8,6.94,2.86,As Expected,-118.53136,34.16985
2014-2015,Los Angeles,Glendale Memorial Hospital and Medical Center,106190522,123,8,6.5,5.7,5.97,As Expected,-118.25769,34.1284
2014-2015,Los Angeles,Mission Community Hospital  Panorama Campus,106190524,38,2,5.26,8.6,3.2,As Expected,-118.45639,34.22138
2014-2015,Los Angeles,Long Beach Memorial Medical Center,106190525,153,8,5.23,5.47,5,As Expected,-118.1852,33.80801
2014-2015,Los Angeles,Methodist Hospital of Southern California,106190529,274,15,5.47,5.34,5.37,As Expected,-118.03879,34.13603
2014-2015,Los Angeles,Olympia Medical Center,106190534,49,1,2.04,5.5,1.94,As Expected,-118.36008,34.05754
2014-2015,Los Angeles,Cedars Sinai Medical Center,106190555,374,14,3.74,5.4,3.63,As Expected,-118.38061,34.07681
2014-2015,Los Angeles,Northridge Hospital Medical Center,106190568,128,8,6.25,5.37,6.09,As Expected,-118.53186,34.22075
2014-2015,Los Angeles,Pomona Valley Hospital Medical Center,106190630,216,11,5.09,5.79,4.6,As Expected,-117.75234,34.07852
2014-2015,Los Angeles,Presbyterian Intercommunity Hospital,106190631,279,18,6.45,5.4,6.25,As Expected,-118.04671,33.96775
2014-2015,Los Angeles,Citrus Valley Medical Center  Queen of the Valley Campus,106190636,99,4,4.04,4.82,4.39,As Expected,-117.94528,34.06242
2014-2015,Los Angeles,San Dimas Community Hospital,106190673,68,2,2.94,5.94,2.59,As Expected,-117.83218,34.09922
2014-2015,Los Angeles,Providence Little Company of Mary Medical Center  San Pedro,106190680,94,4,4.26,5.09,4.37,As Expected,-118.30557,33.73798
2014-2015,Los Angeles,Santa Monica  UCLA Medical Center and Orthopedic Hospital,106190687,227,8,3.52,5.2,3.55,As Expected,-118.48623,34.02755
2014-2015,Los Angeles,Sherman Oaks Hospital,106190708,62,1,1.61,5.84,1.45,As Expected,-118.4488,34.15995
2014-2015,Los Angeles,Saint Francis Medical Center,106190754,73,4,5.48,4.78,6,As Expected,-118.20415,33.93085
2014-2015,Los Angeles,Providence Saint Johns Health Center,106190756,170,12,7.06,5.22,7.07,As Expected,-118.478687,34.0298085
2014-2015,Los Angeles,Providence Saint Joseph Medical Center,106190758,262,13,4.96,5.07,5.12,As Expected,-118.32711,34.1559
2014-2015,Los Angeles,Saint Vincent Medical Center,106190762,76,4,5.26,5.85,4.71,As Expected,-118.27302,34.06311
2014-2015,Los Angeles,Valley Presbyterian Hospital,106190812,81,4,4.94,5.61,4.61,As Expected,-118.46196,34.19399
2014-2015,Los Angeles,University of Southern California Verdugo Hills Hospital,106190818,125,4,3.2,4.56,3.67,As Expected,-118.2152,34.20557
2014-2015,Los Angeles,West Hills Hospital and Medical Center,106190859,170,13,7.65,5.2,7.69,As Expected,-118.6294,34.20365
2014-2015,Los Angeles,White Memorial Medical Center,106190878,59,1,1.69,5.3,1.67,As Expected,-118.21739,34.051
2014-2015,Los Angeles,Whittier Hospital Medical Center,106190883,47,1,2.13,5.19,2.14,As Expected,-118.00303,33.95379
2014-2015,Los Angeles,Henry Mayo Newhall Hospital,106190949,120,6,5,5.04,5.19,As Expected,-118.55324,34.39637
2014-2015,Los Angeles,Los Angeles County/Harbor  UCLA Medical Center,106191227,35,1,2.86,4.33,3.45,As Expected,-118.29332,33.83149
2014-2015,Los Angeles,Los Angeles County/University of Southern California Medical Center,106191228,59,2,3.39,3.8,4.67,As Expected,-118.21031,34.05982
2014-2015,Los Angeles,Kaiser Foundation Hospital  Woodland Hills,106191450,193,9,4.66,5.74,4.25,As Expected,-118.58829,34.17198
2014-2015,Los Angeles,Kaiser Foundation Hospital  Baldwin Park,106196035,183,6,3.28,4.81,3.56,As Expected,-117.986,34.06348
2014-2015,Los Angeles,Kaiser Foundation Hospital  Downey,106196403,130,10,7.69,4.58,8.79,As Expected,-118.1290216,33.9171234
2014-2015,Los Angeles,Palmdale Regional Medical Center,106196405,102,5,4.9,5.44,4.71,As Expected,-118.1443461,34.5843754
2014-2015,Marin,Kaiser Foundation Hospital  San Rafael,106210992,135,9,6.67,4.55,7.67,As Expected,-122.55376,38.0041
2014-2015,Marin,Marin General Hospital,106211006,147,6,4.08,5.11,4.18,As Expected,-122.53715,37.94651
2014-2015,Marin,Novato Community Hospital,106214034,55,4,7.27,5.66,6.72,As Expected,-122.55887,38.09749
2014-2015,Mendocino,Frank R. Howard Memorial Hospital,106230949,97,8,8.25,4.53,9.54,As Expected,-123.34973,39.40079
2014-2015,Mendocino,Ukiah Valley Medical Center,106231396,43,3,6.98,4.47,8.17,As Expected,-123.20363,39.1528
2014-2015,Merced,Mercy Medical Center  Merced,106240942,158,5,3.16,4.58,3.62,As Expected,-120.4651815,37.3402309
2014-2015,Monterey,Community Hospital of The Monterey Peninsula,106270744,208,5,2.4,5.14,2.45,As Expected,-121.92488,36.59827
2014-2015,Monterey,Salinas Valley Memorial Hospital,106270875,116,11,9.48,6.1,8.14,As Expected,-121.6481,36.66022
2014-2015,Napa,Queen of the Valley Medical Center,106281047,117,8,6.84,6.42,5.57,As Expected,-122.296,38.32363
2014-2015,Napa,Saint Helena Hospital,106281078,53,1,1.89,5.7,1.73,As Expected,-122.473003,38.53937349
2014-2015,Nevada,Sierra Nevada Memorial Hospital,106291023,129,3,2.33,5.17,2.35,As Expected,-121.04748,39.22932
2014-2015,Nevada,Tahoe Forest Hospital,106291053,37,0,0,4.12,0,As Expected,-120.2014553,39.3245579
2014-2015,Orange,Orange Coast Memorial Medical Center,106300225,161,11,6.83,5.39,6.64,As Expected,-117.95524,33.70162
2014-2015,Orange,AHMC Anaheim Regional Medical Center,106301098,102,5,4.9,5.71,4.5,As Expected,-117.93248,33.84725
2014-2015,Orange,Fountain Valley Regional Hospital and Medical Center  Euclid,106301175,136,4,2.94,5.15,2.99,As Expected,-117.93694,33.71546
2014-2015,Orange,Hoag Memorial Hospital Presbyterian,106301205,135,10,7.41,6.28,6.17,As Expected,-117.92949,33.62526
2014-2015,Orange,La Palma Intercommunity Hospital,106301234,39,1,2.56,4.92,2.73,As Expected,-118.03737,33.8485
2014-2015,Orange,Los Alamitos Medical Center,106301248,239,12,5.02,4.97,5.28,As Expected,-118.0674,33.80327
2014-2015,Orange,Mission Hospital Regional Medical Center,106301262,186,12,6.45,5.5,6.13,As Expected,-117.66768,33.56279
2014-2015,Orange,UC Irvine Medical Center,106301279,57,1,1.75,6.29,1.46,As Expected,-117.89064,33.7889
2014-2015,Orange,Garden Grove Hospital and Medical Center,106301283,47,1,2.13,5.5,2.02,As Expected,-117.9130315,33.7745089
2014-2015,Orange,Placentia Linda Hospital,106301297,84,2,2.38,4.87,2.56,As Expected,-117.8431129,33.88704521
2014-2015,Orange,Saddleback Memorial Medical Center,106301317,325,14,4.31,5.6,4.03,As Expected,-117.70837,33.60796
2014-2015,Orange,Mission Hospital Laguna Beach,106301337,58,4,6.9,6.83,5.28,As Expected,-117.7422502,33.4997391
2014-2015,Orange,Saint Joseph Hospital  Orange,106301340,278,11,3.96,4.99,4.15,As Expected,-117.86516,33.7823
2014-2015,Orange,Saint Jude Medical Center,106301342,284,8,2.82,5.54,2.66,As Expected,-117.92851,33.89349
2014-2015,Orange,West Anaheim Medical Center,106301379,67,1,1.49,6.92,1.13,As Expected,-117.99492,33.82482
2014-2015,Orange,Orange County Global Medical Center,106301566,40,2,5,3.95,6.62,As Expected,-117.83398,33.75361
2014-2015,Orange,Kaiser Foundation Hospital  Orange County  Anaheim,106304409,321,11,3.43,4.98,3.6,As Expected,-117.8439815,33.8544317
2014-2015,Orange,Hoag Orthopedic Institute,106304460,368,17,4.62,4.39,5.5,As Expected,-117.7735916,33.6617789
2014-2015,Placer,Sutter Auburn Faith Hospital,106310791,112,8,7.14,5.32,7.02,As Expected,-121.0982,38.94452
2014-2015,Placer,Sutter Roseville Medical Center,106311000,309,27,8.74,6.12,7.47,As Expected,-121.25055,38.76439
2014-2015,Placer,Kaiser Foundation Hospital  Roseville,106314024,359,26,7.24,5.5,6.89,As Expected,-121.25107,38.74636
2014-2015,Riverside,Corona Regional Medical Center  Main,106331152,109,3,2.75,4.5,3.2,As Expected,-117.5668015,33.8733354
2014-2015,Riverside,Desert Regional Medical Center,106331164,268,20,7.46,5.23,7.47,As Expected,-116.54549,33.83932
2014-2015,Riverside,Eisenhower Medical Center,106331168,430,33,7.67,4.9,8.19,Worse,-116.40808,33.76418
2014-2015,Riverside,Hemet Valley Medical Center,106331194,226,21,9.29,5.96,8.16,As Expected,-116.95958,33.75113
2014-2015,Riverside,John F. Kennedy Memorial Hospital,106331216,100,4,4,4.05,5.16,As Expected,-116.23391,33.70677
2014-2015,Riverside,Parkview Community Hospital Medical Center,106331293,53,1,1.89,4.85,2.04,As Expected,-117.43996,33.92573
2014-2015,Riverside,Riverside Community Hospital,106331312,208,9,4.33,4.98,4.55,As Expected,-117.37997,33.97641
2014-2015,Riverside,San Gorgonio Memorial Hospital,106331326,34,2,5.88,4.77,6.45,As Expected,-116.94678,33.9295
2014-2015,Riverside,Menifee Valley Medical Center,106334018,88,7,7.95,5.33,7.81,As Expected,-117.15691,33.72146
2014-2015,Riverside,Kaiser Foundation Hospital  Riverside,106334025,107,6,5.61,4.68,6.27,As Expected,-117.47082,33.9063
2014-2015,Riverside,Kaiser Foundation Hospital  Moreno Valley,106334048,30,0,0,4.78,0,As Expected,-117.18094,33.89519
2014-2015,Riverside,Southwest Healthcare System  Murrieta,106334068,195,10,5.13,4.5,5.96,As Expected,-117.18488,33.55788
2014-2015,Riverside,Riverside County Regional Medical Center,106334487,95,3,3.16,4.32,3.82,As Expected,-117.19525,33.91187
2014-2015,Riverside,Temecula Valley Hospital,106334564,104,8,7.69,5.08,7.93,As Expected,-117.1048018,33.4795943
2014-2015,Riverside,Loma Linda University Medical Center  Murrieta,106334589,99,3,3.03,4.52,3.5,As Expected,-117.1624483,33.6122263
2014-2015,Sacramento,Kaiser Foundation Hospital  Sacramento,106340913,221,9,4.07,5.08,4.2,As Expected,-121.39232,38.60197
2014-2015,Sacramento,Mercy General Hospital,106340947,120,8,6.67,5.75,6.06,As Expected,-121.45271,38.56955
2014-2015,Sacramento,Mercy San Juan Hospital,106340950,240,21,8.75,5.74,7.97,As Expected,-121.31261,38.66818
2014-2015,Sacramento,Methodist Hospital of Sacramento,106340951,103,4,3.88,4.55,4.47,As Expected,-121.41744,38.46416
2014-2015,Sacramento,UC Davis Medical Center,106341006,158,5,3.16,5.57,2.98,As Expected,-121.45738,38.55438
2014-2015,Sacramento,"Sutter Medical Center, Sacramento",106341051,287,18,6.27,5.74,5.71,As Expected,-121.47008,38.57176
2014-2015,Sacramento,Kaiser Foundation Hospital  South Sacramento,106342344,189,9,4.76,5.57,4.47,As Expected,-121.42409,38.47144
2014-2015,Sacramento,Mercy Hospital of Folsom,106344029,120,5,4.17,4.88,4.47,As Expected,-121.1428,38.67223
2014-2015,San Benito,Hazel Hawkins Memorial Hospital,106350784,37,0,0,4.46,0,As Expected,-121.38609,36.835
2014-2015,San Bernardino,Kaiser Foundation Hospital  Fontana,106361223,254,11,4.33,4.23,5.35,As Expected,-117.43549,34.0725
2014-2015,San Bernardino,Loma Linda University Medical Center,106361246,112,7,6.25,5.19,6.31,As Expected,-117.26146,34.05164
2014-2015,San Bernardino,Redlands Community Hospital,106361308,245,15,6.12,6.07,5.28,As Expected,-117.2044,34.03699
2014-2015,San Bernardino,San Antonio Community Hospital,106361318,233,17,7.3,5.24,7.28,As Expected,-117.63828,34.10056
2014-2015,San Bernardino,Community Hospital of San Bernardino,106361323,31,1,3.23,4.15,4.07,As Expected,-117.32245,34.13138
2014-2015,San Bernardino,Saint Bernardine Medical Center,106361339,124,6,4.84,4.19,6.04,As Expected,-117.27865,34.1341
2014-2015,San Bernardino,Saint Mary Medical Center  Apple Valley,106361343,160,5,3.13,5.63,2.91,As Expected,-117.26535,34.54053
2014-2015,San Bernardino,Victor Valley Global Medical Center,106361370,62,4,6.45,4.55,7.42,As Expected,-117.2925622,34.5281768
2014-2015,San Bernardino,Hi-Desert Medical Center,106362041,58,5,8.62,3.8,11.87,As Expected,-116.27654,34.13323
2014-2015,San Bernardino,Desert Valley Hospital,106364144,61,2,3.28,6.07,2.83,As Expected,-117.29778,34.47093
2014-2015,San Bernardino,Arrowhead Regional Medical Center,106364231,56,1,1.79,4.94,1.89,As Expected,-117.3527761,34.07163215
2014-2015,San Diego,Alvarado Hospital,106370652,67,5,7.46,6.07,6.44,As Expected,-117.05683,32.77708
2014-2015,San Diego,Sharp Coronado Hospital and Healthcare Center,106370689,39,3,7.69,6.6,6.1,As Expected,-117.16808,32.69427
2014-2015,San Diego,Sharp Memorial Hospital,106370694,353,17,4.82,6.18,4.08,As Expected,-117.15531,32.80016
2014-2015,San Diego,Fallbrook Hospital District,106370705,33,1,3.03,4.91,3.23,As Expected,-117.24509,33.38026
2014-2015,San Diego,Grossmont Hospital,106370714,292,18,6.16,5.83,5.53,As Expected,-117.00924,32.77963
2014-2015,San Diego,Kaiser Foundation Hospital  San Diego,106370730,538,27,5.02,4.97,5.28,As Expected,-117.09447,32.79287
2014-2015,San Diego,Scripps Mercy Hospital,106370744,282,16,5.67,5.13,5.79,As Expected,-117.1609,32.75128
2014-2015,San Diego,Palomar Health Downtown Campus,106370755,303,16,5.28,5.4,5.12,As Expected,-117.07585,33.12622
2014-2015,San Diego,Paradise Valley Hospital,106370759,33,1,3.03,5.32,2.98,As Expected,-117.0830382,32.6863293
2014-2015,San Diego,Scripps Memorial Hospital  La Jolla,106370771,221,16,7.24,4.95,7.66,As Expected,-117.22279,32.88506
2014-2015,San Diego,Tri-City Medical Center  Oceanside,106370780,262,17,6.49,4.95,6.85,As Expected,-117.29027,33.18394
2014-2015,San Diego,UC San Diego Health System  Hillcrest Medical Center,106370782,140,4,2.86,4.57,3.27,As Expected,-117.16498,32.75387
2014-2015,San Diego,Sharp Chula Vista Medical Center,106370875,132,9,6.82,5.55,6.43,As Expected,-117.02488,32.61909
2014-2015,San Diego,Pomerado Hospital,106370977,145,11,7.59,5.27,7.54,As Expected,-117.05784,32.99563
2014-2015,San Diego,Scripps Green Hospital,106371256,101,4,3.96,5.07,4.09,As Expected,-117.2419,32.89654
2014-2015,San Diego,Scripps Memorial Hospital  Encinitas,106371394,218,12,5.5,5.1,5.65,As Expected,-117.28495,33.0363
2014-2015,San Francisco,Kaiser Foundation Hospital  San Francisco,106380857,112,5,4.46,5.43,4.3,As Expected,-122.44289,37.78274
2014-2015,San Francisco,California Pacific Medical Center  Pacific Campus,106380929,173,11,6.36,6.56,5.07,As Expected,-122.43102,37.79149
2014-2015,San Francisco,San Francisco General Hospital,106380939,73,4,5.48,5.12,5.6,As Expected,-122.40637,37.75657
2014-2015,San Francisco,Saint Francis Memorial Hospital,106380960,62,2,3.23,5.03,3.36,As Expected,-122.41695,37.78917
2014-2015,San Francisco,"Saint Marys Medical Center, San Francisco",106380965,79,1,1.27,5.86,1.13,As Expected,-122.45441,37.77408
2014-2015,San Francisco,UC San Francisco Medical Center,106381154,113,0,0,5.7,0,Better,-122.4576564,37.7635148
2014-2015,San Francisco,Chinese Hospital,106382715,33,2,6.06,4.98,6.36,As Expected,-122.40926,37.79565
2014-2015,San Joaquin,Dameron Hospital,106390846,75,3,4,4.15,5.05,As Expected,-121.30061,37.9613
2014-2015,San Joaquin,Lodi Memorial Hospital,106390923,135,13,9.63,5.19,9.7,As Expected,-121.2859,38.12146
2014-2015,San Joaquin,Saint Josephs Medical Center of Stockton,106391042,176,10,5.68,5.55,5.36,As Expected,-121.2891,37.97075
2014-2015,San Joaquin,Sutter Tracy Community Hospital,106391056,33,1,3.03,7.31,2.17,As Expected,-121.43482,37.74366
2014-2015,San Joaquin,Doctors Hospital of Manteca,106392287,65,7,10.77,4.72,11.95,As Expected,-121.19818,37.80118
2014-2015,San Joaquin,Kaiser Foundation Hospital  Manteca,106394009,170,8,4.71,5.44,4.53,As Expected,-121.24612,37.79751
2014-2015,San Luis Obispo,Marian Regional Medical Center  Arroyo Grande,106400466,68,5,7.35,4.33,8.89,As Expected,-120.59147,35.11369
2014-2015,San Luis Obispo,French Hospital Medical Center,106400480,86,3,3.49,4.82,3.78,As Expected,-120.64977,35.27801
2014-2015,San Luis Obispo,Sierra Vista Regional Medical Center,106400524,83,6,7.23,4.58,8.26,As Expected,-120.66576,35.29105
2014-2015,San Luis Obispo,Twin Cities Community Hospital,106400548,135,12,8.89,4.38,10.62,As Expected,-120.71967,35.5543
2014-2015,San Mateo,Kaiser Foundation Hospital  Redwood City,106410804,49,2,4.08,5.53,3.86,As Expected,-122.2232,37.48948
2014-2015,San Mateo,Kaiser Foundation Hospital  South San Francisco,106410806,122,4,3.28,5.47,3.14,As Expected,-122.43837,37.65806
2014-2015,San Mateo,Seton Medical Center,106410817,109,9,8.26,6.22,6.94,As Expected,-122.47283,37.68172
2014-2015,San Mateo,Peninsula Medical Center,106410852,228,8,3.51,6.15,2.98,As Expected,-122.3832465,37.5944692
2014-2015,San Mateo,Sequoia Hospital,106410891,85,4,4.71,5.51,4.47,As Expected,-122.25377,37.48129
2014-2015,San Mateo,Kaiser Foundation Hospital  Redwood City,106414139,51,4,7.84,5.32,7.72,As Expected,-122.22463,37.48967
2014-2015,Santa Barbara,Goleta Valley Cottage Hospital,106420483,109,2,1.83,4.17,2.3,As Expected,-119.80929,34.43336
2014-2015,Santa Barbara,Lompoc Valley Medical Center,106420491,41,1,2.44,3.5,3.65,As Expected,-120.4396497,34.639252
2014-2015,Santa Barbara,Marian Regional Medical Center,106420493,148,12,8.11,5.01,8.47,As Expected,-120.41338,34.95198
2014-2015,Santa Barbara,Santa Barbara Cottage Hospital,106420514,248,11,4.44,5.81,4,As Expected,-119.72318,34.42943
2014-2015,Santa Clara,Regional Medical of San Jose,106430705,132,3,2.27,4.74,2.51,As Expected,-121.84837,37.36332
2014-2015,Santa Clara,El Camino Hospital,106430763,286,7,2.45,5.62,2.28,Better,-122.07801,37.36779
2014-2015,Santa Clara,Good Samaritan Hospital  San Jose,106430779,185,15,8.11,4.77,8.89,As Expected,-121.9449,37.25116
2014-2015,Santa Clara,OConnor Hospital,106430837,176,9,5.11,5.17,5.18,As Expected,-121.93727,37.32714
2014-2015,Santa Clara,Santa Clara Valley Medical Center,106430883,49,4,8.16,3.4,12.57,As Expected,-121.93202,37.31346
2014-2015,Santa Clara,Stanford Hospital,106430905,198,11,5.56,5.19,5.6,As Expected,-122.17827,37.43342
2014-2015,Santa Clara,Kaiser Foundation Hospital  San Jose,106431506,137,8,5.84,5.26,5.81,As Expected,-121.80269,37.23924
2014-2015,Santa Clara,Saint Louise Regional Hospital,106434138,47,2,4.26,4.54,4.91,As Expected,-121.57411,37.03731
2014-2015,Santa Clara,Kaiser Foundation Hospital  Santa Clara,106434153,209,10,4.78,5.27,4.75,As Expected,-121.995774,37.334597
2014-2015,Santa Cruz,Dominican Hospital,106440755,159,12,7.55,5.04,7.84,As Expected,-121.98489,36.98806
2014-2015,Santa Cruz,Watsonville Community Hospital,106444013,69,3,4.35,5.64,4.04,As Expected,-121.79173,36.92839
2014-2015,Shasta,Shasta Regional Medical Center,106450940,123,4,3.25,4.86,3.5,As Expected,-122.3862952,40.5855423
2014-2015,Shasta,Mercy Medical Center  Redding,106450949,260,20,7.69,5.22,7.71,As Expected,-122.39742,40.57204
2014-2015,Siskiyou,Fairchild Medical Center,106474007,39,4,10.26,4.73,11.34,As Expected,-122.64353,41.71865
2014-2015,Solano,Kaiser Foundation Hospital  Rehabilitation Center Vallejo,106480989,178,12,6.74,5.09,6.93,As Expected,-122.24761,38.12839
2014-2015,Solano,Sutter Solano Medical Center,106481094,38,4,10.53,4.08,13.5,As Expected,-122.23912,38.13117
2014-2015,Solano,North Bay Medical Center,106481357,109,8,7.34,5.14,7.47,As Expected,-122.05076,38.26097
2014-2015,Solano,Kaiser Foundation Hospital  Vacaville,106484044,98,9,9.18,5.4,8.9,As Expected,-121.9373177,38.3894968
2014-2015,Sonoma,Sutter Medical Center of Santa Rosa,106490919,40,4,10,4.49,11.64,As Expected,-122.70739,38.46855
2014-2015,Sonoma,Healdsburg District Hospital,106490964,34,2,5.88,4.4,7,As Expected,-122.86385,38.62764
2014-2015,Sonoma,Petaluma Valley Hospital,106491001,58,2,3.45,5.67,3.18,As Expected,-122.63302,38.25323
2014-2015,Sonoma,Santa Rosa Memorial Hospital  Montgomery,106491064,204,14,6.86,5.05,7.11,As Expected,-122.70114,38.44304
2014-2015,Sonoma,Sonoma Valley Hospital,106491076,51,2,3.92,5.69,3.61,As Expected,-122.46524,38.28841
2014-2015,Sonoma,Kaiser Foundation Hospital  Santa Rosa,106494019,194,10,5.15,5.01,5.38,As Expected,-122.73119,38.47087
2014-2015,Sonoma,Sutter Santa Rosa Regional Hospital,106494106,49,3,6.12,5.07,6.32,As Expected,-122.7514,38.49636
2014-2015,Stanislaus,Doctors Medical Center,106500852,251,12,4.78,5.03,4.98,As Expected,-120.99631,37.66439
2014-2015,Stanislaus,Emanuel Medical Center,106500867,75,5,6.67,4.64,7.53,As Expected,-120.83966,37.51052
2014-2015,Stanislaus,Memorial Hospital Medical Center  Modesto,106500939,323,15,4.64,5.49,4.42,As Expected,-120.97546,37.66727
2014-2015,Tehama,Saint Elizabeth Community Hospital,106521041,42,3,7.14,4.57,8.17,As Expected,-122.21887,40.1495
2014-2015,Tulare,Kaweah Delta Medical Center,106540734,268,13,4.85,4.94,5.14,As Expected,-119.29345,36.32753
2014-2015,Tulare,Sierra View Medical Center,106540798,98,5,5.1,4.45,6,As Expected,-119.02727,36.06948
2014-2015,Tulare,Tulare Regional Medical Center,106540816,44,4,9.09,5.22,9.12,As Expected,-119.33775,36.22217
2014-2015,Tuolumne,Sonora Regional Medical Center  Greenley,106554011,91,8,8.79,5.38,8.55,As Expected,-120.36965,37.98811
2014-2015,Ventura,Community Memorial Hospital  San Buenaventura,106560473,217,12,5.53,5.77,5.02,As Expected,-119.258124,34.274589
2014-2015,Ventura,Ventura County Medical Center,106560481,63,2,3.17,4.97,3.34,As Expected,-119.2517,34.27634
2014-2015,Ventura,Los Robles Hospital and Medical Center,106560492,228,15,6.58,5.49,6.27,As Expected,-118.89297,34.20539
2014-2015,Ventura,Ojai Valley Community Hospital,106560501,36,4,11.11,5.21,11.17,As Expected,-119.26311,34.44221
2014-2015,Ventura,Saint Johns Pleasant Valley Hospital,106560508,106,6,5.66,5.72,5.17,As Expected,-119.018,34.24177
2014-2015,Ventura,Simi Valley Hospital and Healthcare Services  Sycamore,106560525,79,2,2.53,5.35,2.48,As Expected,-118.74405,34.28945
2014-2015,Ventura,Saint Johns Regional Medical Center,106560529,114,2,1.75,4.22,2.18,As Expected,-119.15819,34.21687
2014-2015,Yolo,Woodland Memorial Hospital,106571086,53,6,11.32,5.56,10.65,As Expected,-121.7933,38.66284
2014-2015,Yolo,Sutter Davis Hospital,106574010,81,6,7.41,4.49,8.64,As Expected,-121.77244,38.56154
2014-2015,Yuba,Rideout Memorial Hospital,106580996,191,12,6.28,4.86,6.77,As Expected,-121.594363,39.138222
